INSERT INTO biblioteca_branch (id, name, address, phone, created_at) VALUES
(1, 'Branch 1', '48764 Howard Forge Apt. 421
Vanessaside, PA 19763', '115-781-5659x3877', 'NOW()'),
(2, 'Branch 2', '80160 Clayton Isle Apt. 513
East Linda, ND 59217', '158-714-8418', 'NOW()'),
(3, 'Branch 3', '894 Davis Union
Stewartbury, HI 25324', '(094)711-2201', 'NOW()'),
(4, 'Branch 4', 'PSC 8684, Box 8339
APO AA 76482', '775-159-1795x330', 'NOW()'),
(5, 'Branch 5', '352 Simmons Circle
Port Dustinbury, OK 83627', '+1-910-139-9161', 'NOW()');

INSERT INTO biblioteca_shelf (id, code, description, branch_id) VALUES
(11, 'S10', 'Shelf in Branch 1', 1),
(12, 'S11', 'Shelf in Branch 1', 1),
(21, 'S20', 'Shelf in Branch 2', 2),
(22, 'S21', 'Shelf in Branch 2', 2),
(31, 'S30', 'Shelf in Branch 3', 3),
(32, 'S31', 'Shelf in Branch 3', 3),
(41, 'S40', 'Shelf in Branch 4', 4),
(42, 'S41', 'Shelf in Branch 4', 4),
(51, 'S50', 'Shelf in Branch 5', 5),
(52, 'S51', 'Shelf in Branch 5', 5);

INSERT INTO library_users (id, username, email, first_name, last_name, password, phone_number, birth_date, status, date_joined) VALUES
(1, 'user1', 'user1@example.com', 'Martha', 'Wilson', 'hashed_pw', '+1-032-173-00914', '1969-08-15', 'active', 'NOW()'),
(2, 'user2', 'user2@example.com', 'Jeffrey', 'Lucas', 'hashed_pw', '(620)870-914', '1949-03-13', 'active', 'NOW()'),
(3, 'user3', 'user3@example.com', 'Rachel', 'Hudson', 'hashed_pw', '001-302-258-47', '2001-06-25', 'active', 'NOW()'),
(4, 'user4', 'user4@example.com', 'Robert', 'Carroll', 'hashed_pw', '456.428.071584', '1990-10-18', 'active', 'NOW()'),
(5, 'user5', 'user5@example.com', 'Stephanie', 'Bell', 'hashed_pw', '599-246-6109x35', '1996-04-19', 'active', 'NOW()'),
(6, 'user6', 'user6@example.com', 'Dana', 'Gray', 'hashed_pw', '+1-960-696-0227', '1959-08-14', 'active', 'NOW()'),
(7, 'user7', 'user7@example.com', 'Anna', 'Campos', 'hashed_pw', '7547063812', '2006-03-24', 'active', 'NOW()'),
(8, 'user8', 'user8@example.com', 'Richard', 'Gregory', 'hashed_pw', '030-089-1321', '1945-06-09', 'active', 'NOW()'),
(9, 'user9', 'user9@example.com', 'Melissa', 'Sanders', 'hashed_pw', '047-142-8512', '1976-10-19', 'active', 'NOW()'),
(10, 'user10', 'user10@example.com', 'Melissa', 'Williams', 'hashed_pw', '485.590.9776', '1963-05-19', 'active', 'NOW()'),
(11, 'user11', 'user11@example.com', 'Monica', 'Thompson', 'hashed_pw', '(940)224-5900', '1969-10-12', 'active', 'NOW()'),
(12, 'user12', 'user12@example.com', 'Frank', 'Holden', 'hashed_pw', '568-241-730814', '1962-10-13', 'active', 'NOW()'),
(13, 'user13', 'user13@example.com', 'Mary', 'Evans', 'hashed_pw', '187-755-1717', '1971-11-14', 'active', 'NOW()'),
(14, 'user14', 'user14@example.com', 'Benjamin', 'Rogers', 'hashed_pw', '+1-229-611-1168', '1973-06-17', 'active', 'NOW()'),
(15, 'user15', 'user15@example.com', 'Keith', 'Mora', 'hashed_pw', '001-361-534-9263', '1979-10-02', 'active', 'NOW()'),
(16, 'user16', 'user16@example.com', 'Danny', 'Short', 'hashed_pw', '001-087-317-6392', '1968-10-31', 'active', 'NOW()'),
(17, 'user17', 'user17@example.com', 'James', 'Gray', 'hashed_pw', '+1-219-729-6687', '1951-07-22', 'active', 'NOW()'),
(18, 'user18', 'user18@example.com', 'Sally', 'Morris', 'hashed_pw', '738.930.55249', '1990-08-30', 'active', 'NOW()'),
(19, 'user19', 'user19@example.com', 'Eric', 'Gray', 'hashed_pw', '711-801-3204x0752', '1997-10-18', 'active', 'NOW()'),
(20, 'user20', 'user20@example.com', 'Eduardo', 'Douglas', 'hashed_pw', '(868)809-634', '1998-12-02', 'active', 'NOW()'),
(21, 'user21', 'user21@example.com', 'Rachel', 'Butler', 'hashed_pw', '699.300.24817', '1980-11-13', 'active', 'NOW()'),
(22, 'user22', 'user22@example.com', 'Jose', 'Bryan', 'hashed_pw', '001-666-022-347', '2002-12-13', 'active', 'NOW()'),
(23, 'user23', 'user23@example.com', 'Michelle', 'Love', 'hashed_pw', '+1-256-097-67', '2004-12-30', 'active', 'NOW()'),
(24, 'user24', 'user24@example.com', 'David', 'Nguyen', 'hashed_pw', '001-853-671-09799', '1986-06-13', 'active', 'NOW()'),
(25, 'user25', 'user25@example.com', 'Kristina', 'Martinez', 'hashed_pw', '(418)306-755100', '1964-08-08', 'active', 'NOW()'),
(26, 'user26', 'user26@example.com', 'Jonathan', 'Johnson', 'hashed_pw', '993.318.896', '1977-07-08', 'active', 'NOW()'),
(27, 'user27', 'user27@example.com', 'Christopher', 'Garcia', 'hashed_pw', '162-07-6075', '2007-03-28', 'active', 'NOW()'),
(28, 'user28', 'user28@example.com', 'Johnny', 'Gomez', 'hashed_pw', '505-520-3519', '1993-08-08', 'active', 'NOW()'),
(29, 'user29', 'user29@example.com', 'Douglas', 'Smith', 'hashed_pw', '+1-104-509-3242', '2005-03-26', 'active', 'NOW()'),
(30, 'user30', 'user30@example.com', 'Tammy', 'Cox', 'hashed_pw', '448.529.1182', '1946-05-03', 'active', 'NOW()'),
(31, 'user31', 'user31@example.com', 'David', 'Walker', 'hashed_pw', '332.456.126', '2008-10-14', 'active', 'NOW()'),
(32, 'user32', 'user32@example.com', 'Andrea', 'Yang', 'hashed_pw', '(964)513-7580', '1964-10-22', 'active', 'NOW()'),
(33, 'user33', 'user33@example.com', 'Ricky', 'Butler', 'hashed_pw', '001-573-547-92', '1970-01-19', 'active', 'NOW()'),
(34, 'user34', 'user34@example.com', 'Jacqueline', 'Hebert', 'hashed_pw', '(662)375-8257', '1998-07-31', 'active', 'NOW()'),
(35, 'user35', 'user35@example.com', 'Dana', 'Webb', 'hashed_pw', '407-970-3414', '1987-05-30', 'active', 'NOW()'),
(36, 'user36', 'user36@example.com', 'Chelsea', 'Coleman', 'hashed_pw', '001-717-401468', '1981-07-15', 'active', 'NOW()'),
(37, 'user37', 'user37@example.com', 'Bonnie', 'Foster', 'hashed_pw', '454-391-0144', '2005-01-14', 'active', 'NOW()'),
(38, 'user38', 'user38@example.com', 'Matthew', 'Moreno', 'hashed_pw', '216-448-2983', '1980-09-30', 'active', 'NOW()'),
(39, 'user39', 'user39@example.com', 'Daniel', 'Sosa', 'hashed_pw', '+1-644-759-211', '1980-08-05', 'active', 'NOW()'),
(40, 'user40', 'user40@example.com', 'Richard', 'Mcdonald', 'hashed_pw', '+1-457-637-757', '1970-05-23', 'active', 'NOW()'),
(41, 'user41', 'user41@example.com', 'Susan', 'Wallace', 'hashed_pw', '(709)305-7608', '1988-10-21', 'active', 'NOW()'),
(42, 'user42', 'user42@example.com', 'Gloria', 'Miller', 'hashed_pw', '001-605-019-943', '1948-12-15', 'active', 'NOW()'),
(43, 'user43', 'user43@example.com', 'Ryan', 'Moran', 'hashed_pw', '(256)627-275', '1951-08-12', 'active', 'NOW()'),
(44, 'user44', 'user44@example.com', 'Tonya', 'Simmons', 'hashed_pw', '633.739.00', '1998-02-24', 'active', 'NOW()'),
(45, 'user45', 'user45@example.com', 'Danielle', 'Thompson', 'hashed_pw', '+1-491-845869', '1995-01-03', 'active', 'NOW()'),
(46, 'user46', 'user46@example.com', 'Tracy', 'Padilla', 'hashed_pw', '540-002-5040', '1975-05-16', 'active', 'NOW()'),
(47, 'user47', 'user47@example.com', 'Bryce', 'Patterson', 'hashed_pw', '968.373.5919', '1953-12-27', 'active', 'NOW()'),
(48, 'user48', 'user48@example.com', 'Christopher', 'Flores', 'hashed_pw', '+1-754-080-3', '2004-07-05', 'active', 'NOW()'),
(49, 'user49', 'user49@example.com', 'Alice', 'Lopez', 'hashed_pw', '444-864-7530', '2003-08-20', 'active', 'NOW()'),
(50, 'user50', 'user50@example.com', 'Sarah', 'Jones', 'hashed_pw', '770.677.712', '1965-03-31', 'active', 'NOW()'),
(51, 'user51', 'user51@example.com', 'Nicole', 'Lewis', 'hashed_pw', '+1-168-602-55', '1972-08-10', 'active', 'NOW()'),
(52, 'user52', 'user52@example.com', 'Daniel', 'Lam', 'hashed_pw', '+1-834-789-78401', '1974-01-10', 'active', 'NOW()'),
(53, 'user53', 'user53@example.com', 'Kristen', 'Garcia', 'hashed_pw', '001-633-408-819', '1986-04-11', 'active', 'NOW()'),
(54, 'user54', 'user54@example.com', 'Jerome', 'Moran', 'hashed_pw', '+1-433-184-5357', '1968-11-09', 'active', 'NOW()'),
(55, 'user55', 'user55@example.com', 'Brandi', 'Taylor', 'hashed_pw', '8855902622', '1963-12-15', 'active', 'NOW()'),
(56, 'user56', 'user56@example.com', 'Vickie', 'Taylor', 'hashed_pw', '793.323.6599', '1979-03-04', 'active', 'NOW()'),
(57, 'user57', 'user57@example.com', 'Cristina', 'Lester', 'hashed_pw', '908-957-7403', '1953-06-15', 'active', 'NOW()'),
(58, 'user58', 'user58@example.com', 'Denise', 'Guerrero', 'hashed_pw', '785.142.964603', '1982-03-28', 'active', 'NOW()'),
(59, 'user59', 'user59@example.com', 'Leslie', 'Burgess', 'hashed_pw', '573.452.4059', '1947-01-15', 'active', 'NOW()'),
(60, 'user60', 'user60@example.com', 'Brian', 'Mccoy', 'hashed_pw', '(070)030-03056', '1981-02-23', 'active', 'NOW()'),
(61, 'user61', 'user61@example.com', 'Patricia', 'Robinson', 'hashed_pw', '(254)256-689', '1953-09-05', 'active', 'NOW()'),
(62, 'user62', 'user62@example.com', 'David', 'Finley', 'hashed_pw', '(082)982-1532', '2007-02-22', 'active', 'NOW()'),
(63, 'user63', 'user63@example.com', 'Sonya', 'Frye', 'hashed_pw', '(821)691-9729', '1961-03-25', 'active', 'NOW()'),
(64, 'user64', 'user64@example.com', 'Billy', 'Peterson', 'hashed_pw', '001-600-42526', '1985-05-26', 'active', 'NOW()'),
(65, 'user65', 'user65@example.com', 'Joseph', 'Vasquez', 'hashed_pw', '(048)487-0876', '1967-05-31', 'active', 'NOW()'),
(66, 'user66', 'user66@example.com', 'David', 'Reed', 'hashed_pw', '0404943885', '1993-07-11', 'active', 'NOW()'),
(67, 'user67', 'user67@example.com', 'Tiffany', 'Bonilla', 'hashed_pw', '195.398.5225', '1970-09-15', 'active', 'NOW()'),
(68, 'user68', 'user68@example.com', 'Julie', 'Smith', 'hashed_pw', '9255445769', '2002-01-07', 'active', 'NOW()'),
(69, 'user69', 'user69@example.com', 'Vanessa', 'Smith', 'hashed_pw', '(907)250-7493', '1973-10-06', 'active', 'NOW()'),
(70, 'user70', 'user70@example.com', 'Ana', 'Coleman', 'hashed_pw', '(821)291-886', '1949-03-19', 'active', 'NOW()'),
(71, 'user71', 'user71@example.com', 'Ryan', 'Collins', 'hashed_pw', '644836', '1995-10-18', 'active', 'NOW()'),
(72, 'user72', 'user72@example.com', 'Donald', 'Smith', 'hashed_pw', '296.570.23', '1998-04-19', 'active', 'NOW()'),
(73, 'user73', 'user73@example.com', 'Michael', 'Graves', 'hashed_pw', '3934261973', '1987-05-15', 'active', 'NOW()'),
(74, 'user74', 'user74@example.com', 'Jennifer', 'Shields', 'hashed_pw', '001-132-695', '1995-01-25', 'active', 'NOW()'),
(75, 'user75', 'user75@example.com', 'Kurt', 'Vasquez', 'hashed_pw', '001-666-2945', '1950-08-08', 'active', 'NOW()'),
(76, 'user76', 'user76@example.com', 'Andrew', 'Wells', 'hashed_pw', '201.955.0150', '2000-05-16', 'active', 'NOW()'),
(77, 'user77', 'user77@example.com', 'Philip', 'Martinez', 'hashed_pw', '001-462-926708', '1965-11-09', 'active', 'NOW()'),
(78, 'user78', 'user78@example.com', 'Madison', 'Vazquez', 'hashed_pw', '001-625-911-854', '1947-05-24', 'active', 'NOW()'),
(79, 'user79', 'user79@example.com', 'Jonathon', 'Walls', 'hashed_pw', '(782)092-8051', '1997-09-02', 'active', 'NOW()'),
(80, 'user80', 'user80@example.com', 'Deborah', 'Bryant', 'hashed_pw', '782.527.8081', '1957-07-24', 'active', 'NOW()'),
(81, 'user81', 'user81@example.com', 'Zachary', 'Smith', 'hashed_pw', '001-116-95-250', '2000-04-10', 'active', 'NOW()'),
(82, 'user82', 'user82@example.com', 'Jessica', 'Smith', 'hashed_pw', '+1-306-046-0960', '1956-11-10', 'active', 'NOW()'),
(83, 'user83', 'user83@example.com', 'Michael', 'Winters', 'hashed_pw', '001-449-762-511', '1974-06-04', 'active', 'NOW()'),
(84, 'user84', 'user84@example.com', 'Michael', 'Thompson', 'hashed_pw', '+1-057-877-1008', '1946-03-20', 'active', 'NOW()'),
(85, 'user85', 'user85@example.com', 'Mary', 'Miller', 'hashed_pw', '(170)284-082', '1950-12-13', 'active', 'NOW()'),
(86, 'user86', 'user86@example.com', 'Greg', 'Mccall', 'hashed_pw', '+1-395-076235', '1955-05-12', 'active', 'NOW()'),
(87, 'user87', 'user87@example.com', 'Frank', 'Fisher', 'hashed_pw', '(926)902-90600', '1959-10-26', 'active', 'NOW()'),
(88, 'user88', 'user88@example.com', 'Marcus', 'Smith', 'hashed_pw', '1992669', '2000-07-06', 'active', 'NOW()'),
(89, 'user89', 'user89@example.com', 'Glenda', 'Dawson', 'hashed_pw', '(583)861-2695', '2006-08-11', 'active', 'NOW()'),
(90, 'user90', 'user90@example.com', 'Ryan', 'Graham', 'hashed_pw', '636-376-91480', '1951-01-02', 'active', 'NOW()'),
(91, 'user91', 'user91@example.com', 'Cheryl', 'Wells', 'hashed_pw', '409-561-8026', '1985-07-16', 'active', 'NOW()'),
(92, 'user92', 'user92@example.com', 'Katrina', 'Simon', 'hashed_pw', '(617)972-22948', '1946-04-05', 'active', 'NOW()'),
(93, 'user93', 'user93@example.com', 'Sarah', 'Reed', 'hashed_pw', '+1-578-034-29548', '1952-02-03', 'active', 'NOW()'),
(94, 'user94', 'user94@example.com', 'Austin', 'Jenkins', 'hashed_pw', '(352)219-52671', '1973-10-11', 'active', 'NOW()'),
(95, 'user95', 'user95@example.com', 'Jennifer', 'Becker', 'hashed_pw', '001-688-22259', '1988-02-12', 'active', 'NOW()'),
(96, 'user96', 'user96@example.com', 'Keith', 'Mcguire', 'hashed_pw', '+1-164-258-585', '1994-07-06', 'active', 'NOW()'),
(97, 'user97', 'user97@example.com', 'Stacy', 'Hunt', 'hashed_pw', '(612)209-984', '1970-12-29', 'active', 'NOW()'),
(98, 'user98', 'user98@example.com', 'Jessica', 'Jackson', 'hashed_pw', '001-575-1759', '1991-04-16', 'active', 'NOW()'),
(99, 'user99', 'user99@example.com', 'Jon', 'Tucker', 'hashed_pw', '001-328-876', '1991-11-05', 'active', 'NOW()'),
(100, 'user100', 'user100@example.com', 'Andrew', 'Taylor', 'hashed_pw', '(279)061-9607', '1962-05-29', 'active', 'NOW()');

INSERT INTO biblioteca_author (id, first_name, last_name, birth_year) VALUES
(1, 'Christine', 'Adams', 1994),
(2, 'William', 'Pierce', 1964),
(3, 'Phillip', 'Baker', 1988),
(4, 'Jerry', 'Diaz', 1996),
(5, 'Kevin', 'Lynch', 1966),
(6, 'Sabrina', 'Bryant', 1942),
(7, 'Sydney', 'Mendoza', 1956),
(8, 'Ashlee', 'Ortiz', 1972),
(9, 'Christopher', 'Olson', 1971),
(10, 'Lisa', 'Phillips', 1965),
(11, 'Michael', 'Davis', 1998),
(12, 'Dominique', 'Brown', 1990),
(13, 'Elizabeth', 'Willis', 1993),
(14, 'James', 'Johnson', 1959),
(15, 'Richard', 'Lyons', 1970),
(16, 'Carolyn', 'Klein', 1962),
(17, 'Daniel', 'Kennedy', 1977),
(18, 'Michael', 'Deleon', 1997),
(19, 'Monique', 'Jennings', 1998),
(20, 'John', 'Jimenez', 1953),
(21, 'Tracey', 'Hill', 1972),
(22, 'Albert', 'Kelly', 1948),
(23, 'Stephanie', 'House', 1958),
(24, 'Christopher', 'Torres', 1948),
(25, 'Robert', 'Stevenson', 1988),
(26, 'Tamara', 'Valencia', 1946),
(27, 'Dustin', 'Roberts', 1979),
(28, 'James', 'Parsons', 1991),
(29, 'Donna', 'Harrington', 1956),
(30, 'Justin', 'Salazar', 1998),
(31, 'Mariah', 'Wilson', 1974),
(32, 'Michael', 'Melton', 1985),
(33, 'Jeremy', 'Fletcher', 1991),
(34, 'Crystal', 'Howard', 1978),
(35, 'Joshua', 'Kaufman', 1997),
(36, 'Katrina', 'Klein', 1949),
(37, 'Justin', 'Garcia', 1959),
(38, 'Rebecca', 'Martinez', 1946),
(39, 'Eric', 'Cantu', 1986),
(40, 'Julia', 'Spears', 1944),
(41, 'Matthew', 'Perez', 1997),
(42, 'Erin', 'Hester', 1994),
(43, 'Steven', 'Murray', 1983),
(44, 'Shari', 'Duarte', 1961),
(45, 'Maria', 'Walker', 1970),
(46, 'Reginald', 'Collins', 1975),
(47, 'Jesse', 'Holmes', 1946),
(48, 'Aaron', 'Ruiz', 1962),
(49, 'Phillip', 'Dodson', 1967),
(50, 'Lori', 'Reynolds', 1960);

INSERT INTO biblioteca_genre (id, name, description) VALUES
(1, 'Fiction', 'Genre Fiction'),
(2, 'Nonfiction', 'Genre Nonfiction'),
(3, 'Sci-Fi', 'Genre Sci-Fi'),
(4, 'Romance', 'Genre Romance'),
(5, 'Mystery', 'Genre Mystery'),
(6, 'Fantasy', 'Genre Fantasy'),
(7, 'Biography', 'Genre Biography');

INSERT INTO biblioteca_book (isbn, title, published_year, languages, condition, page_count, created_at, main_author_id) VALUES
('0000000000001', 'Parent.', 1976, '{German,Japanese,French}', 'fair', 163, 'NOW()', 40),
('0000000000002', 'Investment.', 2013, '{Spanish,French}', 'new', 295, 'NOW()', 40),
('0000000000003', 'Enjoy rise.', 2007, '{English}', 'fair', 996, 'NOW()', 35),
('0000000000004', 'Both something.', 1965, '{French,Spanish,Japanese}', 'fair', 555, 'NOW()', 46),
('0000000000005', 'Agreement well account.', 1980, '{Spanish,Japanese}', 'good', 133, 'NOW()', 37),
('0000000000006', 'Above bring painting.', 1966, '{English}', 'new', 816, 'NOW()', 44),
('0000000000007', 'Bank letter.', 1977, '{Japanese,German,French}', 'fair', 561, 'NOW()', 16),
('0000000000008', 'Nature.', 1964, '{Japanese,French}', 'good', 348, 'NOW()', 21),
('0000000000009', 'Suffer at computer doctor.', 1971, '{German,English}', 'new', 901, 'NOW()', 24),
('0000000000010', 'High southern job.', 2018, '{English,Japanese,German}', 'good', 720, 'NOW()', 41),
('0000000000011', 'Wish among west.', 1954, '{English,Spanish,Japanese}', 'new', 590, 'NOW()', 8),
('0000000000012', 'Pass.', 2004, '{English,French,Japanese}', 'good', 173, 'NOW()', 35),
('0000000000013', 'Region still quality.', 2009, '{Japanese}', 'new', 816, 'NOW()', 33),
('0000000000014', 'Other begin.', 2022, '{Spanish}', 'new', 907, 'NOW()', 31),
('0000000000015', 'Resource evening.', 1972, '{German}', 'poor', 682, 'NOW()', 29),
('0000000000016', 'Per probably.', 1969, '{English,German,French}', 'new', 443, 'NOW()', 17),
('0000000000017', 'Debate wish floor.', 2011, '{Japanese,French}', 'fair', 704, 'NOW()', 49),
('0000000000018', 'Meet build black.', 1960, '{Japanese}', 'good', 815, 'NOW()', 42),
('0000000000019', 'Buy throw like.', 2007, '{Japanese,German}', 'new', 511, 'NOW()', 41),
('0000000000020', 'Natural can effort.', 1958, '{Spanish,German}', 'poor', 674, 'NOW()', 29),
('0000000000021', 'North friend.', 1989, '{English,German}', 'good', 661, 'NOW()', 21),
('0000000000022', 'Law go.', 2003, '{English,Spanish}', 'new', 834, 'NOW()', 26),
('0000000000023', 'Agency rich accept.', 1965, '{Spanish,French,Japanese}', 'good', 202, 'NOW()', 13),
('0000000000024', 'When simple difference.', 1964, '{Spanish,French}', 'new', 992, 'NOW()', 29),
('0000000000025', 'Education little.', 1955, '{French}', 'fair', 475, 'NOW()', 3),
('0000000000026', 'Kid growth.', 2008, '{German,French,Japanese}', 'good', 312, 'NOW()', 46),
('0000000000027', 'Outside upon why.', 1984, '{French,Japanese}', 'new', 446, 'NOW()', 10),
('0000000000028', 'Range could usually.', 1987, '{German,Spanish}', 'fair', 217, 'NOW()', 38),
('0000000000029', 'Pull watch choice already.', 1972, '{English,French,Spanish}', 'fair', 406, 'NOW()', 20),
('0000000000030', 'Source she light question.', 2010, '{French,English}', 'poor', 218, 'NOW()', 31),
('0000000000031', 'Many cold another.', 1969, '{Japanese}', 'poor', 925, 'NOW()', 22),
('0000000000032', 'Thought radio minute.', 1978, '{German}', 'new', 200, 'NOW()', 48),
('0000000000033', 'Consumer type Republican.', 1977, '{English,French}', 'good', 367, 'NOW()', 38),
('0000000000034', 'Old charge read management.', 1958, '{English,German,French}', 'good', 221, 'NOW()', 8),
('0000000000035', 'Up our allow.', 1977, '{Spanish,English,German}', 'poor', 487, 'NOW()', 3),
('0000000000036', 'Toward such new.', 2012, '{Japanese}', 'poor', 753, 'NOW()', 39),
('0000000000037', 'A artist.', 2013, '{Spanish,Japanese,English}', 'fair', 822, 'NOW()', 32),
('0000000000038', 'Kitchen purpose.', 1998, '{French,German,English}', 'new', 628, 'NOW()', 10),
('0000000000039', 'Produce board.', 1955, '{English,German}', 'fair', 982, 'NOW()', 9),
('0000000000040', 'International position write.', 2008, '{Japanese,German}', 'new', 687, 'NOW()', 42),
('0000000000041', 'Management court head.', 2004, '{French}', 'poor', 945, 'NOW()', 5),
('0000000000042', 'Response hospital wrong.', 1950, '{Spanish,French,German}', 'fair', 440, 'NOW()', 43),
('0000000000043', 'Suffer life chair.', 2002, '{German,English}', 'good', 756, 'NOW()', 20),
('0000000000044', 'Seem west.', 1992, '{English}', 'poor', 527, 'NOW()', 47),
('0000000000045', 'Week remain decide.', 1960, '{Spanish,French,Japanese}', 'new', 726, 'NOW()', 46),
('0000000000046', 'Region again debate.', 1969, '{English}', 'good', 745, 'NOW()', 31),
('0000000000047', 'One them in.', 1999, '{English,Japanese}', 'poor', 729, 'NOW()', 13),
('0000000000048', 'Plant whether.', 1987, '{German}', 'fair', 863, 'NOW()', 46),
('0000000000049', 'Most trade.', 2006, '{Spanish,German}', 'fair', 908, 'NOW()', 26),
('0000000000050', 'Herself Mr.', 1953, '{Japanese,Spanish,English}', 'new', 894, 'NOW()', 17),
('0000000000051', 'Painting room.', 1968, '{Japanese,German}', 'new', 207, 'NOW()', 8),
('0000000000052', 'Democrat.', 1969, '{English,German,Spanish}', 'poor', 130, 'NOW()', 50),
('0000000000053', 'Pay growth base.', 1965, '{English,French}', 'fair', 282, 'NOW()', 5),
('0000000000054', 'Speak.', 1959, '{Spanish,Japanese,English}', 'good', 774, 'NOW()', 24),
('0000000000055', 'Pass tend.', 1953, '{Spanish,Japanese,English}', 'poor', 215, 'NOW()', 45),
('0000000000056', 'Tell mention check election.', 1996, '{German,French}', 'fair', 999, 'NOW()', 14),
('0000000000057', 'Language there wonder him.', 1963, '{Japanese,French,English}', 'poor', 250, 'NOW()', 6),
('0000000000058', 'Until direction opportunity.', 1981, '{Spanish}', 'fair', 481, 'NOW()', 33),
('0000000000059', 'Analysis firm.', 1952, '{English,Japanese}', 'good', 530, 'NOW()', 9),
('0000000000060', 'Nor as year look.', 2004, '{French,English}', 'good', 555, 'NOW()', 38),
('0000000000061', 'History the bring.', 2003, '{French,German,English}', 'fair', 400, 'NOW()', 1),
('0000000000062', 'Professor while seven those.', 1985, '{Japanese}', 'good', 914, 'NOW()', 7),
('0000000000063', 'Relationship easy.', 2005, '{Spanish}', 'poor', 448, 'NOW()', 27),
('0000000000064', 'Evening his gas health.', 2011, '{French}', 'new', 950, 'NOW()', 6),
('0000000000065', 'Seat my.', 1964, '{French,Spanish,German}', 'poor', 194, 'NOW()', 20),
('0000000000066', 'Full need.', 2001, '{English,Japanese}', 'fair', 784, 'NOW()', 49),
('0000000000067', 'Traditional standard.', 2017, '{German,Japanese,English}', 'fair', 462, 'NOW()', 26),
('0000000000068', 'Former general.', 1959, '{French,Japanese}', 'new', 642, 'NOW()', 3),
('0000000000069', 'Party individual.', 1987, '{Japanese,Spanish}', 'good', 644, 'NOW()', 27),
('0000000000070', 'Edge bit.', 1985, '{German,French}', 'good', 260, 'NOW()', 26),
('0000000000071', 'Technology only.', 2009, '{Japanese}', 'fair', 462, 'NOW()', 38),
('0000000000072', 'Alone subject development.', 2014, '{German,English}', 'poor', 407, 'NOW()', 32),
('0000000000073', 'Newspaper religious.', 1953, '{German,Japanese}', 'new', 966, 'NOW()', 14),
('0000000000074', 'Really which.', 2000, '{French}', 'new', 218, 'NOW()', 48),
('0000000000075', 'Cut recognize keep.', 2023, '{Spanish,English}', 'poor', 571, 'NOW()', 10),
('0000000000076', 'Especially win.', 2005, '{German}', 'good', 636, 'NOW()', 27),
('0000000000077', 'Wind natural customer.', 1994, '{German,Japanese}', 'poor', 847, 'NOW()', 29),
('0000000000078', 'Stock worker everybody.', 1956, '{English,Spanish}', 'new', 991, 'NOW()', 14),
('0000000000079', 'Because.', 1972, '{Japanese}', 'fair', 727, 'NOW()', 41),
('0000000000080', 'Final relationship wear.', 1995, '{German,English}', 'poor', 694, 'NOW()', 50),
('0000000000081', 'Become.', 1993, '{English,Japanese}', 'new', 266, 'NOW()', 14),
('0000000000082', 'Add sound coach every.', 1958, '{Spanish,German}', 'good', 564, 'NOW()', 9),
('0000000000083', 'Mention get.', 1960, '{French,German}', 'fair', 361, 'NOW()', 39),
('0000000000084', 'Become me story.', 1976, '{French,Spanish,English}', 'fair', 788, 'NOW()', 6),
('0000000000085', 'Ball woman.', 2011, '{Spanish,English}', 'fair', 665, 'NOW()', 17),
('0000000000086', 'Company drop join.', 2006, '{German}', 'poor', 571, 'NOW()', 32),
('0000000000087', 'All structure.', 1962, '{German}', 'good', 551, 'NOW()', 16),
('0000000000088', 'Away wish.', 1981, '{Spanish,Japanese}', 'fair', 460, 'NOW()', 12),
('0000000000089', 'First natural without.', 2019, '{French}', 'poor', 626, 'NOW()', 19),
('0000000000090', 'Step.', 1965, '{English,Spanish,French}', 'poor', 354, 'NOW()', 2),
('0000000000091', 'Support realize.', 2018, '{German,English,Japanese}', 'poor', 760, 'NOW()', 1),
('0000000000092', 'Employee argue.', 2019, '{French,Spanish,Japanese}', 'good', 166, 'NOW()', 44),
('0000000000093', 'Industry old effect.', 2011, '{Japanese,Spanish}', 'good', 929, 'NOW()', 41),
('0000000000094', 'Treat mouth threat.', 1953, '{German}', 'good', 281, 'NOW()', 38),
('0000000000095', 'Interest college.', 2013, '{Spanish,Japanese,French}', 'good', 935, 'NOW()', 50),
('0000000000096', 'During.', 1966, '{German,English,French}', 'new', 639, 'NOW()', 38),
('0000000000097', 'Himself draw final.', 2021, '{Spanish,German,French}', 'poor', 659, 'NOW()', 15),
('0000000000098', 'Tough whether.', 2001, '{Spanish,French,Japanese}', 'poor', 160, 'NOW()', 9),
('0000000000099', 'Walk.', 1981, '{German,Spanish}', 'fair', 452, 'NOW()', 47),
('0000000000100', 'Moment buy east.', 2019, '{Spanish}', 'fair', 122, 'NOW()', 37),
('0000000000101', 'Environmental issue.', 1955, '{Spanish}', 'fair', 168, 'NOW()', 16),
('0000000000102', 'Clearly thought.', 1977, '{German,Spanish}', 'fair', 419, 'NOW()', 9),
('0000000000103', 'Ground eat determine.', 1951, '{French,German}', 'new', 678, 'NOW()', 25),
('0000000000104', 'Small control.', 2014, '{Japanese}', 'good', 181, 'NOW()', 1),
('0000000000105', 'Name Congress.', 1971, '{Japanese,Spanish,French}', 'new', 537, 'NOW()', 2),
('0000000000106', 'Understand relate church.', 1955, '{French,German}', 'new', 740, 'NOW()', 40),
('0000000000107', 'Can street race.', 1969, '{Spanish,French}', 'good', 853, 'NOW()', 19),
('0000000000108', 'Model similar.', 1951, '{Japanese,French}', 'poor', 135, 'NOW()', 26),
('0000000000109', 'Seven.', 2000, '{English,German,Spanish}', 'poor', 152, 'NOW()', 30),
('0000000000110', 'So suggest artist.', 2024, '{French,Spanish,Japanese}', 'fair', 495, 'NOW()', 17),
('0000000000111', 'Herself hold.', 1981, '{Japanese,French,English}', 'good', 438, 'NOW()', 22),
('0000000000112', 'Mouth manage camera.', 1994, '{French,Japanese}', 'fair', 606, 'NOW()', 10),
('0000000000113', 'Mouth tonight.', 2022, '{German}', 'good', 449, 'NOW()', 10),
('0000000000114', 'Action section.', 1974, '{Japanese}', 'poor', 385, 'NOW()', 48),
('0000000000115', 'Second late.', 1964, '{Japanese,German,Spanish}', 'fair', 418, 'NOW()', 38),
('0000000000116', 'World win.', 1983, '{Japanese,French,Spanish}', 'good', 822, 'NOW()', 18),
('0000000000117', 'Election baby seven.', 1969, '{Japanese,German,Spanish}', 'poor', 137, 'NOW()', 33),
('0000000000118', 'Drug decide animal take.', 2017, '{Spanish}', 'fair', 742, 'NOW()', 24),
('0000000000119', 'Speak really eat.', 1985, '{German}', 'new', 686, 'NOW()', 16),
('0000000000120', 'Outside they.', 1962, '{Spanish}', 'poor', 166, 'NOW()', 46),
('0000000000121', 'Add challenge.', 1995, '{French,English,Spanish}', 'new', 604, 'NOW()', 28),
('0000000000122', 'Happen white maybe.', 2005, '{German,English,French}', 'poor', 463, 'NOW()', 25),
('0000000000123', 'Card look.', 2010, '{Spanish,English,German}', 'fair', 469, 'NOW()', 26),
('0000000000124', 'Part fund.', 1964, '{Japanese,German,English}', 'fair', 961, 'NOW()', 46),
('0000000000125', 'Key little.', 1985, '{Spanish,Japanese}', 'poor', 987, 'NOW()', 49),
('0000000000126', 'Visit red.', 1967, '{English,Japanese}', 'poor', 284, 'NOW()', 9),
('0000000000127', 'Give point herself.', 1972, '{Spanish,French}', 'fair', 817, 'NOW()', 36),
('0000000000128', 'Husband time fear spring.', 1969, '{Japanese}', 'good', 756, 'NOW()', 36),
('0000000000129', 'Successful country describe.', 2008, '{Spanish,German,French}', 'good', 826, 'NOW()', 13),
('0000000000130', 'Cold cell our.', 2021, '{Japanese}', 'new', 940, 'NOW()', 50),
('0000000000131', 'Sing media step.', 1995, '{German,French,Spanish}', 'fair', 961, 'NOW()', 28),
('0000000000132', 'True else feeling.', 1966, '{French}', 'good', 145, 'NOW()', 47),
('0000000000133', 'Appear role why.', 1999, '{Japanese}', 'good', 466, 'NOW()', 20),
('0000000000134', 'Reality adult others.', 1982, '{French,German,Spanish}', 'good', 131, 'NOW()', 23),
('0000000000135', 'Without wall.', 1995, '{English}', 'new', 459, 'NOW()', 5),
('0000000000136', 'Vote continue.', 1951, '{German,Japanese}', 'poor', 182, 'NOW()', 40),
('0000000000137', 'Trade product.', 2016, '{English}', 'fair', 467, 'NOW()', 2),
('0000000000138', 'Speech across yard admit.', 1986, '{English}', 'poor', 445, 'NOW()', 34),
('0000000000139', 'Trouble cold thank while.', 1970, '{Spanish,French,English}', 'poor', 740, 'NOW()', 12),
('0000000000140', 'Hotel matter.', 1986, '{Spanish,Japanese}', 'fair', 331, 'NOW()', 41),
('0000000000141', 'Teach because it.', 1967, '{Japanese,English}', 'good', 697, 'NOW()', 37),
('0000000000142', 'Record should.', 1952, '{French}', 'new', 139, 'NOW()', 10),
('0000000000143', 'Phone.', 1968, '{German}', 'new', 528, 'NOW()', 40),
('0000000000144', 'Evening scene that.', 1996, '{Spanish,German,English}', 'good', 517, 'NOW()', 9),
('0000000000145', 'Culture continue condition.', 1981, '{German,Spanish}', 'poor', 345, 'NOW()', 28),
('0000000000146', 'Particularly measure.', 1997, '{English,German,Japanese}', 'fair', 141, 'NOW()', 34),
('0000000000147', 'Physical treat dinner able.', 2000, '{German}', 'poor', 543, 'NOW()', 10),
('0000000000148', 'Today all positive.', 1971, '{German,Japanese}', 'good', 704, 'NOW()', 11),
('0000000000149', 'Maybe information.', 1995, '{Japanese,English}', 'good', 998, 'NOW()', 10),
('0000000000150', 'Plan phone step.', 1955, '{Japanese,German}', 'new', 798, 'NOW()', 25),
('0000000000151', 'Research fund.', 1967, '{English}', 'fair', 269, 'NOW()', 23),
('0000000000152', 'Firm woman.', 1959, '{English,German,French}', 'good', 273, 'NOW()', 30),
('0000000000153', 'Magazine loss.', 1953, '{Spanish,German,Japanese}', 'fair', 833, 'NOW()', 15),
('0000000000154', 'Especially position learn.', 1983, '{French}', 'fair', 645, 'NOW()', 27),
('0000000000155', 'Today mention.', 1998, '{German,Japanese}', 'fair', 519, 'NOW()', 16),
('0000000000156', 'Resource part instead.', 2016, '{Spanish}', 'new', 373, 'NOW()', 38),
('0000000000157', 'Parent information.', 1954, '{English}', 'fair', 936, 'NOW()', 6),
('0000000000158', 'Rather spend.', 1997, '{French,German,English}', 'good', 675, 'NOW()', 29),
('0000000000159', 'Once born.', 1971, '{German,Spanish,Japanese}', 'poor', 370, 'NOW()', 42),
('0000000000160', 'Section lot.', 2022, '{German}', 'new', 759, 'NOW()', 29),
('0000000000161', 'Range international.', 1955, '{Japanese,English}', 'fair', 953, 'NOW()', 30),
('0000000000162', 'Size play.', 1979, '{French,Spanish,German}', 'good', 567, 'NOW()', 12),
('0000000000163', 'Stay soon account.', 2022, '{Japanese,English}', 'fair', 593, 'NOW()', 26),
('0000000000164', 'Address simply catch but.', 1996, '{Spanish}', 'new', 942, 'NOW()', 10),
('0000000000165', 'Six loss agree.', 2021, '{Japanese,German,French}', 'new', 584, 'NOW()', 26),
('0000000000166', 'Star be hot often.', 1980, '{German}', 'fair', 381, 'NOW()', 1),
('0000000000167', 'Any include.', 2015, '{English,Japanese}', 'fair', 687, 'NOW()', 23),
('0000000000168', 'Anyone.', 1986, '{German}', 'fair', 389, 'NOW()', 15),
('0000000000169', 'Site car room father.', 1965, '{French,German}', 'good', 771, 'NOW()', 50),
('0000000000170', 'Throughout western world.', 2001, '{French,English,Spanish}', 'fair', 223, 'NOW()', 23),
('0000000000171', 'Sea knowledge.', 1993, '{Spanish,English}', 'poor', 498, 'NOW()', 12),
('0000000000172', 'Certainly walk camera.', 2001, '{French,German,English}', 'fair', 630, 'NOW()', 15),
('0000000000173', 'Open collection.', 2005, '{Japanese}', 'new', 516, 'NOW()', 15),
('0000000000174', 'Office explain.', 1972, '{Spanish}', 'fair', 128, 'NOW()', 21),
('0000000000175', 'Deep range.', 2018, '{Spanish}', 'new', 941, 'NOW()', 25),
('0000000000176', 'Need.', 1975, '{Japanese}', 'poor', 168, 'NOW()', 30),
('0000000000177', 'Then police.', 2010, '{German}', 'good', 490, 'NOW()', 25),
('0000000000178', 'Significant strategy.', 1997, '{German,Spanish}', 'new', 357, 'NOW()', 23),
('0000000000179', 'Care yet well.', 1968, '{Spanish,German,English}', 'fair', 306, 'NOW()', 45),
('0000000000180', 'Sit.', 2010, '{Japanese}', 'poor', 581, 'NOW()', 45),
('0000000000181', 'Study form seem.', 2003, '{German,English}', 'fair', 939, 'NOW()', 9),
('0000000000182', 'Health effect.', 2002, '{German}', 'new', 665, 'NOW()', 31),
('0000000000183', 'Radio like money.', 1982, '{German,Spanish}', 'good', 551, 'NOW()', 16),
('0000000000184', 'Firm himself.', 1961, '{French}', 'new', 160, 'NOW()', 34),
('0000000000185', 'My necessary million.', 1970, '{German,Spanish}', 'poor', 608, 'NOW()', 40),
('0000000000186', 'Century hundred.', 1993, '{Japanese,Spanish,French}', 'fair', 287, 'NOW()', 4),
('0000000000187', 'Finish these century.', 2013, '{Japanese,Spanish,French}', 'poor', 133, 'NOW()', 41),
('0000000000188', 'If.', 1975, '{English}', 'new', 237, 'NOW()', 36),
('0000000000189', 'Break attention environment.', 1978, '{English,German,French}', 'fair', 799, 'NOW()', 40),
('0000000000190', 'Good program.', 1995, '{German,Japanese,Spanish}', 'fair', 966, 'NOW()', 36),
('0000000000191', 'I spring season.', 1964, '{German}', 'poor', 824, 'NOW()', 49),
('0000000000192', 'Level generation since also.', 1961, '{Japanese,German}', 'good', 748, 'NOW()', 14),
('0000000000193', 'Sit hand society.', 1998, '{Japanese,English,German}', 'poor', 870, 'NOW()', 20),
('0000000000194', 'Enjoy.', 1996, '{English,Japanese}', 'good', 728, 'NOW()', 40),
('0000000000195', 'Baby book itself.', 2009, '{English,German}', 'fair', 999, 'NOW()', 10),
('0000000000196', 'During agency meet window.', 1993, '{Japanese}', 'fair', 191, 'NOW()', 33),
('0000000000197', 'Grow wall conference.', 2024, '{German,English,French}', 'poor', 545, 'NOW()', 41),
('0000000000198', 'Magazine series.', 1967, '{English}', 'new', 822, 'NOW()', 28),
('0000000000199', 'Ability possible door.', 1983, '{English,French}', 'fair', 482, 'NOW()', 18),
('0000000000200', 'Sea thought raise.', 1993, '{Japanese,English,German}', 'poor', 939, 'NOW()', 4);

INSERT INTO biblioteca_bookauthor (book_id, author_id) VALUES
('0000000000001', 1),
('0000000000001', 6),
('0000000000002', 15),
('0000000000002', 16),
('0000000000003', 32),
('0000000000003', 7),
('0000000000005', 44),
('0000000000005', 17),
('0000000000006', 45),
('0000000000006', 26),
('0000000000007', 44),
('0000000000010', 8),
('0000000000010', 26),
('0000000000012', 20),
('0000000000012', 23),
('0000000000013', 13),
('0000000000014', 11),
('0000000000014', 22),
('0000000000015', 20),
('0000000000015', 43),
('0000000000016', 3),
('0000000000016', 36),
('0000000000017', 40),
('0000000000017', 9),
('0000000000018', 11),
('0000000000019', 37),
('0000000000019', 27),
('0000000000020', 50),
('0000000000020', 1),
('0000000000021', 6),
('0000000000021', 48),
('0000000000023', 27),
('0000000000025', 4),
('0000000000025', 49),
('0000000000026', 38),
('0000000000027', 3),
('0000000000027', 19),
('0000000000028', 48),
('0000000000029', 7),
('0000000000030', 33),
('0000000000030', 28),
('0000000000031', 6),
('0000000000031', 5),
('0000000000032', 36),
('0000000000033', 11),
('0000000000033', 28),
('0000000000034', 27),
('0000000000035', 36),
('0000000000036', 28),
('0000000000036', 34),
('0000000000037', 21),
('0000000000037', 3),
('0000000000041', 26),
('0000000000045', 25),
('0000000000046', 7),
('0000000000047', 23),
('0000000000047', 43),
('0000000000048', 8),
('0000000000048', 34),
('0000000000049', 5),
('0000000000049', 3),
('0000000000050', 34),
('0000000000050', 46),
('0000000000051', 5),
('0000000000052', 21),
('0000000000054', 48),
('0000000000054', 8),
('0000000000055', 23),
('0000000000056', 42),
('0000000000056', 22),
('0000000000058', 44),
('0000000000059', 37),
('0000000000060', 24),
('0000000000060', 42),
('0000000000061', 7),
('0000000000062', 30),
('0000000000062', 27),
('0000000000063', 10),
('0000000000063', 23),
('0000000000064', 30),
('0000000000064', 41),
('0000000000065', 33),
('0000000000065', 50),
('0000000000067', 50),
('0000000000071', 31),
('0000000000071', 49),
('0000000000073', 5),
('0000000000073', 45),
('0000000000074', 1),
('0000000000074', 18),
('0000000000075', 23),
('0000000000075', 26),
('0000000000076', 9),
('0000000000080', 32),
('0000000000081', 1),
('0000000000084', 49),
('0000000000084', 21),
('0000000000086', 8),
('0000000000087', 5),
('0000000000087', 29),
('0000000000088', 29),
('0000000000089', 31),
('0000000000089', 36),
('0000000000091', 9),
('0000000000092', 20),
('0000000000092', 45),
('0000000000094', 5),
('0000000000094', 9),
('0000000000096', 23),
('0000000000096', 32),
('0000000000097', 47),
('0000000000099', 11),
('0000000000099', 20),
('0000000000100', 42),
('0000000000104', 17),
('0000000000105', 8),
('0000000000105', 41),
('0000000000107', 23),
('0000000000108', 38),
('0000000000108', 37),
('0000000000110', 14),
('0000000000111', 1),
('0000000000111', 39),
('0000000000112', 40),
('0000000000115', 1),
('0000000000116', 10),
('0000000000117', 27),
('0000000000117', 42),
('0000000000118', 33),
('0000000000118', 2),
('0000000000119', 17),
('0000000000120', 41),
('0000000000122', 9),
('0000000000122', 38),
('0000000000125', 33),
('0000000000126', 39),
('0000000000127', 17),
('0000000000127', 34),
('0000000000128', 3),
('0000000000128', 50),
('0000000000129', 43),
('0000000000130', 22),
('0000000000130', 1),
('0000000000131', 8),
('0000000000131', 9),
('0000000000132', 42),
('0000000000134', 17),
('0000000000139', 27),
('0000000000139', 3),
('0000000000143', 37),
('0000000000144', 44),
('0000000000144', 24),
('0000000000145', 32),
('0000000000145', 26),
('0000000000146', 21),
('0000000000146', 26),
('0000000000148', 50),
('0000000000149', 13),
('0000000000150', 18),
('0000000000153', 45),
('0000000000154', 10),
('0000000000154', 25),
('0000000000155', 7),
('0000000000156', 48),
('0000000000156', 41),
('0000000000157', 32),
('0000000000157', 22),
('0000000000158', 5),
('0000000000158', 34),
('0000000000160', 26),
('0000000000160', 22),
('0000000000161', 33),
('0000000000161', 37),
('0000000000164', 9),
('0000000000164', 39),
('0000000000165', 23),
('0000000000165', 22),
('0000000000167', 15),
('0000000000168', 41),
('0000000000169', 24),
('0000000000169', 41),
('0000000000170', 10),
('0000000000171', 34),
('0000000000172', 1),
('0000000000172', 6),
('0000000000175', 40),
('0000000000175', 13),
('0000000000176', 12),
('0000000000176', 15),
('0000000000179', 33),
('0000000000182', 50),
('0000000000183', 25),
('0000000000186', 36),
('0000000000186', 47),
('0000000000189', 32),
('0000000000190', 5),
('0000000000191', 14),
('0000000000191', 24),
('0000000000197', 25),
('0000000000198', 16),
('0000000000199', 42),
('0000000000199', 13);

INSERT INTO biblioteca_bookgenre (book_id, genre_id) VALUES
('0000000000001', 7),
('0000000000001', 4),
('0000000000001', 1),
('0000000000002', 7),
('0000000000003', 5),
('0000000000003', 3),
('0000000000004', 7),
('0000000000004', 4),
('0000000000004', 3),
('0000000000005', 1),
('0000000000005', 7),
('0000000000006', 5),
('0000000000006', 3),
('0000000000006', 7),
('0000000000007', 6),
('0000000000007', 3),
('0000000000007', 1),
('0000000000008', 3),
('0000000000008', 1),
('0000000000008', 2),
('0000000000009', 2),
('0000000000009', 1),
('0000000000009', 5),
('0000000000010', 3),
('0000000000011', 7),
('0000000000011', 1),
('0000000000011', 6),
('0000000000012', 2),
('0000000000012', 1),
('0000000000013', 3),
('0000000000013', 6),
('0000000000014', 3),
('0000000000014', 1),
('0000000000014', 5),
('0000000000015', 4),
('0000000000015', 6),
('0000000000016', 2),
('0000000000016', 7),
('0000000000017', 3),
('0000000000017', 4),
('0000000000017', 6),
('0000000000018', 2),
('0000000000019', 6),
('0000000000019', 1),
('0000000000019', 2),
('0000000000020', 4),
('0000000000021', 1),
('0000000000022', 5),
('0000000000022', 7),
('0000000000022', 1),
('0000000000023', 1),
('0000000000023', 7),
('0000000000023', 3),
('0000000000024', 7),
('0000000000024', 1),
('0000000000025', 5),
('0000000000025', 6),
('0000000000025', 4),
('0000000000026', 1),
('0000000000026', 2),
('0000000000027', 2),
('0000000000028', 1),
('0000000000029', 5),
('0000000000030', 3),
('0000000000031', 2),
('0000000000032', 3),
('0000000000032', 4),
('0000000000032', 6),
('0000000000033', 3),
('0000000000034', 2),
('0000000000034', 6),
('0000000000035', 1),
('0000000000036', 6),
('0000000000036', 3),
('0000000000037', 2),
('0000000000037', 3),
('0000000000037', 5),
('0000000000038', 2),
('0000000000039', 7),
('0000000000040', 7),
('0000000000040', 5),
('0000000000040', 6),
('0000000000041', 5),
('0000000000041', 2),
('0000000000041', 1),
('0000000000042', 7),
('0000000000042', 3),
('0000000000043', 3),
('0000000000044', 7),
('0000000000044', 5),
('0000000000045', 1),
('0000000000045', 7),
('0000000000046', 5),
('0000000000046', 6),
('0000000000046', 3),
('0000000000047', 6),
('0000000000048', 1),
('0000000000049', 4),
('0000000000050', 4),
('0000000000050', 5),
('0000000000050', 3),
('0000000000051', 4),
('0000000000052', 3),
('0000000000052', 1),
('0000000000052', 7),
('0000000000053', 7),
('0000000000054', 1),
('0000000000054', 3),
('0000000000054', 6),
('0000000000055', 3),
('0000000000055', 2),
('0000000000055', 1),
('0000000000056', 5),
('0000000000057', 3),
('0000000000058', 7),
('0000000000059', 6),
('0000000000059', 2),
('0000000000060', 1),
('0000000000060', 4),
('0000000000060', 6),
('0000000000061', 7),
('0000000000062', 7),
('0000000000063', 6),
('0000000000063', 7),
('0000000000064', 1),
('0000000000064', 2),
('0000000000065', 5),
('0000000000066', 3),
('0000000000067', 2),
('0000000000067', 5),
('0000000000067', 1),
('0000000000068', 1),
('0000000000069', 6),
('0000000000069', 5),
('0000000000070', 1),
('0000000000070', 4),
('0000000000070', 6),
('0000000000071', 2),
('0000000000071', 4),
('0000000000072', 4),
('0000000000072', 1),
('0000000000072', 5),
('0000000000073', 6),
('0000000000074', 6),
('0000000000074', 3),
('0000000000074', 2),
('0000000000075', 3),
('0000000000076', 2),
('0000000000077', 4),
('0000000000078', 1),
('0000000000078', 6),
('0000000000079', 7),
('0000000000079', 5),
('0000000000079', 3),
('0000000000080', 6),
('0000000000080', 4),
('0000000000081', 6),
('0000000000081', 1),
('0000000000082', 5),
('0000000000082', 1),
('0000000000083', 1),
('0000000000083', 2),
('0000000000083', 3),
('0000000000084', 5),
('0000000000084', 4),
('0000000000085', 4),
('0000000000086', 1),
('0000000000087', 7),
('0000000000087', 4),
('0000000000087', 1),
('0000000000088', 5),
('0000000000089', 3),
('0000000000089', 7),
('0000000000089', 2),
('0000000000090', 6),
('0000000000090', 7),
('0000000000091', 5),
('0000000000091', 3),
('0000000000091', 2),
('0000000000092', 2),
('0000000000092', 3),
('0000000000093', 5),
('0000000000093', 3),
('0000000000093', 6),
('0000000000094', 7),
('0000000000095', 3),
('0000000000095', 5),
('0000000000096', 3),
('0000000000096', 1),
('0000000000097', 3),
('0000000000098', 3),
('0000000000099', 3),
('0000000000100', 1),
('0000000000101', 6),
('0000000000101', 4),
('0000000000102', 3),
('0000000000102', 6),
('0000000000102', 4),
('0000000000103', 4),
('0000000000103', 2),
('0000000000104', 2),
('0000000000105', 4),
('0000000000105', 6),
('0000000000105', 2),
('0000000000106', 1),
('0000000000106', 3),
('0000000000107', 7),
('0000000000107', 4),
('0000000000108', 6),
('0000000000108', 1),
('0000000000109', 6),
('0000000000109', 1),
('0000000000110', 5),
('0000000000111', 5),
('0000000000112', 2),
('0000000000112', 1),
('0000000000113', 4),
('0000000000113', 6),
('0000000000113', 3),
('0000000000114', 2),
('0000000000114', 1),
('0000000000114', 7),
('0000000000115', 7),
('0000000000115', 6),
('0000000000116', 7),
('0000000000117', 7),
('0000000000117', 2),
('0000000000117', 1),
('0000000000118', 6),
('0000000000118', 2),
('0000000000118', 5),
('0000000000119', 6),
('0000000000119', 4),
('0000000000119', 5),
('0000000000120', 3),
('0000000000120', 7),
('0000000000121', 2),
('0000000000121', 4),
('0000000000122', 3),
('0000000000122', 7),
('0000000000122', 1),
('0000000000123', 2),
('0000000000124', 4),
('0000000000124', 2),
('0000000000125', 2),
('0000000000126', 1),
('0000000000127', 2),
('0000000000127', 4),
('0000000000128', 7),
('0000000000128', 1),
('0000000000129', 4),
('0000000000130', 1),
('0000000000131', 1),
('0000000000131', 2),
('0000000000132', 6),
('0000000000133', 1),
('0000000000133', 4),
('0000000000134', 4),
('0000000000135', 4),
('0000000000136', 7),
('0000000000136', 4),
('0000000000136', 3),
('0000000000137', 1),
('0000000000137', 2),
('0000000000138', 6),
('0000000000138', 2),
('0000000000138', 7),
('0000000000139', 2),
('0000000000140', 4),
('0000000000140', 3),
('0000000000141', 4),
('0000000000141', 6),
('0000000000141', 2),
('0000000000142', 5),
('0000000000143', 3),
('0000000000143', 6),
('0000000000143', 2),
('0000000000144', 4),
('0000000000145', 1),
('0000000000145', 3),
('0000000000145', 6),
('0000000000146', 1),
('0000000000146', 5),
('0000000000146', 7),
('0000000000147', 4),
('0000000000147', 5),
('0000000000147', 7),
('0000000000148', 1),
('0000000000148', 3),
('0000000000148', 6),
('0000000000149', 5),
('0000000000149', 3),
('0000000000149', 6),
('0000000000150', 6),
('0000000000150', 2),
('0000000000151', 5),
('0000000000151', 4),
('0000000000152', 2),
('0000000000153', 7),
('0000000000154', 6),
('0000000000154', 5),
('0000000000154', 3),
('0000000000155', 2),
('0000000000155', 7),
('0000000000155', 1),
('0000000000156', 4),
('0000000000157', 6),
('0000000000158', 1),
('0000000000159', 2),
('0000000000159', 4),
('0000000000159', 7),
('0000000000160', 5),
('0000000000161', 4),
('0000000000161', 7),
('0000000000161', 3),
('0000000000162', 4),
('0000000000163', 3),
('0000000000164', 2),
('0000000000164', 1),
('0000000000164', 6),
('0000000000165', 6),
('0000000000166', 4),
('0000000000167', 3),
('0000000000167', 4),
('0000000000167', 2),
('0000000000168', 7),
('0000000000169', 4),
('0000000000169', 3),
('0000000000170', 2),
('0000000000170', 6),
('0000000000171', 5),
('0000000000171', 7),
('0000000000172', 3),
('0000000000172', 4),
('0000000000173', 2),
('0000000000173', 6),
('0000000000174', 1),
('0000000000175', 6),
('0000000000176', 4),
('0000000000177', 3),
('0000000000177', 1),
('0000000000177', 5),
('0000000000178', 1),
('0000000000178', 3),
('0000000000178', 7),
('0000000000179', 1),
('0000000000179', 5),
('0000000000179', 7),
('0000000000180', 5),
('0000000000180', 3),
('0000000000181', 2),
('0000000000181', 3),
('0000000000182', 2),
('0000000000182', 4),
('0000000000183', 4),
('0000000000183', 5),
('0000000000183', 2),
('0000000000184', 1),
('0000000000184', 3),
('0000000000185', 4),
('0000000000186', 5),
('0000000000186', 4),
('0000000000186', 2),
('0000000000187', 5),
('0000000000187', 3),
('0000000000188', 7),
('0000000000188', 6),
('0000000000189', 2),
('0000000000189', 7),
('0000000000189', 3),
('0000000000190', 2),
('0000000000191', 1),
('0000000000191', 7),
('0000000000191', 4),
('0000000000192', 2),
('0000000000192', 5),
('0000000000192', 4),
('0000000000193', 4),
('0000000000194', 7),
('0000000000194', 5),
('0000000000194', 3),
('0000000000195', 4),
('0000000000195', 6),
('0000000000196', 3),
('0000000000197', 7),
('0000000000197', 1),
('0000000000197', 6),
('0000000000198', 6),
('0000000000199', 7),
('0000000000199', 5),
('0000000000199', 6),
('0000000000200', 7),
('0000000000200', 3),
('0000000000200', 6);

INSERT INTO biblioteca_copy  VALUES
(1, 'COPY0001', TRUE, '2021-10-19', 124.62, '0000000000036', 32),
(2, 'COPY0002', FALSE, '2020-10-20', 116.25, '0000000000107', 12),
(3, 'COPY0003', TRUE, '2024-07-08', 99.63, '0000000000134', 12),
(4, 'COPY0004', FALSE, '2024-11-26', 23.88, '0000000000134', 22),
(5, 'COPY0005', TRUE, '2021-11-01', 140.27, '0000000000182', 22),
(6, 'COPY0006', TRUE, '2023-09-16', 123.74, '0000000000059', 41),
(7, 'COPY0007', FALSE, '2022-11-18', 35.8, '0000000000191', 42),
(8, 'COPY0008', TRUE, '2025-05-14', 47.13, '0000000000185', 32),
(9, 'COPY0009', FALSE, '2024-07-18', 114.41, '0000000000081', 21),
(10, 'COPY0010', TRUE, '2022-03-30', 133.76, '0000000000199', 11),
(11, 'COPY0011', FALSE, '2020-08-30', 11.85, '0000000000084', 31),
(12, 'COPY0012', FALSE, '2024-04-18', 161.65, '0000000000157', 11),
(13, 'COPY0013', TRUE, '2021-11-27', 104.98, '0000000000043', 31),
(14, 'COPY0014', TRUE, '2024-03-10', 85.85, '0000000000089', 42),
(15, 'COPY0015', TRUE, '2023-02-11', 20.67, '0000000000137', 41),
(16, 'COPY0016', TRUE, '2025-05-08', 62.83, '0000000000119', 32),
(17, 'COPY0017', FALSE, '2023-03-22', 11.11, '0000000000161', 41),
(18, 'COPY0018', TRUE, '2024-02-02', 174.82, '0000000000003', 31),
(19, 'COPY0019', FALSE, '2025-04-06', 195.65, '0000000000170', 32),
(20, 'COPY0020', TRUE, '2021-08-28', 157.74, '0000000000168', 31),
(21, 'COPY0021', TRUE, '2024-10-15', 55.62, '0000000000064', 51),
(22, 'COPY0022', FALSE, '2024-02-01', 59.77, '0000000000015', 41),
(23, 'COPY0023', FALSE, '2023-10-06', 182.55, '0000000000058', 31),
(24, 'COPY0024', FALSE, '2022-06-14', 143.11, '0000000000137', 42),
(25, 'COPY0025', TRUE, '2023-07-27', 106.54, '0000000000109', 32),
(26, 'COPY0026', FALSE, '2023-09-03', 10.97, '0000000000060', 42),
(27, 'COPY0027', TRUE, '2022-12-11', 165.77, '0000000000021', 31),
(28, 'COPY0028', TRUE, '2022-06-24', 179.24, '0000000000033', 42),
(29, 'COPY0029', FALSE, '2022-03-25', 29.29, '0000000000093', 51),
(30, 'COPY0030', FALSE, '2022-08-08', 57.37, '0000000000064', 42),
(31, 'COPY0031', TRUE, '2022-06-28', 37.03, '0000000000111', 42),
(32, 'COPY0032', TRUE, '2024-12-29', 53.6, '0000000000135', 32),
(33, 'COPY0033', TRUE, '2025-06-05', 41.32, '0000000000057', 31),
(34, 'COPY0034', TRUE, '2023-08-06', 40.34, '0000000000065', 51),
(35, 'COPY0035', TRUE, '2024-04-22', 52.45, '0000000000185', 41),
(36, 'COPY0036', TRUE, '2022-06-16', 150.27, '0000000000144', 21),
(37, 'COPY0037', TRUE, '2023-04-22', 145.78, '0000000000135', 31),
(38, 'COPY0038', FALSE, '2021-09-05', 37.72, '0000000000052', 11),
(39, 'COPY0039', TRUE, '2023-03-04', 80.04, '0000000000130', 41),
(40, 'COPY0040', TRUE, '2022-07-03', 29.72, '0000000000135', 42),
(41, 'COPY0041', TRUE, '2021-08-28', 180.33, '0000000000023', 51),
(42, 'COPY0042', TRUE, '2022-08-13', 150.41, '0000000000021', 11),
(43, 'COPY0043', FALSE, '2025-02-11', 194.73, '0000000000116', 31),
(44, 'COPY0044', FALSE, '2021-11-26', 146.61, '0000000000170', 41),
(45, 'COPY0045', TRUE, '2024-12-29', 149.45, '0000000000196', 21),
(46, 'COPY0046', TRUE, '2021-05-29', 140.16, '0000000000012', 11),
(47, 'COPY0047', TRUE, '2024-03-26', 121.97, '0000000000064', 42),
(48, 'COPY0048', TRUE, '2024-07-06', 121.68, '0000000000131', 31),
(49, 'COPY0049', FALSE, '2022-03-05', 66.79, '0000000000090', 32),
(50, 'COPY0050', FALSE, '2021-12-22', 31.06, '0000000000077', 51),
(51, 'COPY0051', FALSE, '2023-06-24', 71.18, '0000000000123', 22),
(52, 'COPY0052', TRUE, '2022-07-20', 97.71, '0000000000078', 42),
(53, 'COPY0053', FALSE, '2021-03-09', 171.37, '0000000000076', 32),
(54, 'COPY0054', FALSE, '2025-01-12', 117.86, '0000000000155', 41),
(55, 'COPY0055', FALSE, '2024-08-28', 136.54, '0000000000179', 51),
(56, 'COPY0056', TRUE, '2022-03-22', 41.82, '0000000000194', 52),
(57, 'COPY0057', TRUE, '2022-12-06', 104.38, '0000000000056', 31),
(58, 'COPY0058', FALSE, '2023-09-30', 183.83, '0000000000153', 51),
(59, 'COPY0059', FALSE, '2022-10-04', 93.96, '0000000000067', 41),
(60, 'COPY0060', TRUE, '2024-10-13', 158.94, '0000000000167', 51),
(61, 'COPY0061', FALSE, '2022-02-24', 139.82, '0000000000050', 31),
(62, 'COPY0062', TRUE, '2023-06-11', 171.86, '0000000000005', 22),
(63, 'COPY0063', TRUE, '2023-11-22', 25.54, '0000000000001', 22),
(64, 'COPY0064', FALSE, '2023-02-11', 6.76, '0000000000170', 32),
(65, 'COPY0065', TRUE, '2020-08-10', 123.48, '0000000000169', 11),
(66, 'COPY0066', TRUE, '2020-10-19', 81.64, '0000000000043', 31),
(67, 'COPY0067', FALSE, '2022-01-24', 22.12, '0000000000128', 32),
(68, 'COPY0068', TRUE, '2022-02-09', 154.78, '0000000000111', 12),
(69, 'COPY0069', FALSE, '2021-10-28', 73.79, '0000000000004', 52),
(70, 'COPY0070', TRUE, '2025-03-04', 67.26, '0000000000054', 41),
(71, 'COPY0071', TRUE, '2024-04-30', 124.29, '0000000000046', 42),
(72, 'COPY0072', TRUE, '2021-02-13', 181.66, '0000000000130', 41),
(73, 'COPY0073', TRUE, '2022-07-26', 131.04, '0000000000014', 41),
(74, 'COPY0074', TRUE, '2024-09-12', 86.77, '0000000000166', 21),
(75, 'COPY0075', TRUE, '2022-11-18', 144.31, '0000000000085', 52),
(76, 'COPY0076', FALSE, '2024-07-27', 195.91, '0000000000087', 21),
(77, 'COPY0077', FALSE, '2024-01-02', 195.53, '0000000000169', 31),
(78, 'COPY0078', FALSE, '2023-02-08', 179.68, '0000000000156', 32),
(79, 'COPY0079', TRUE, '2023-09-17', 180.12, '0000000000020', 42),
(80, 'COPY0080', FALSE, '2020-11-23', 123.56, '0000000000132', 31),
(81, 'COPY0081', FALSE, '2021-05-30', 154.43, '0000000000108', 21),
(82, 'COPY0082', TRUE, '2020-12-06', 168.55, '0000000000176', 12),
(83, 'COPY0083', FALSE, '2023-04-12', 138.86, '0000000000192', 42),
(84, 'COPY0084', FALSE, '2021-10-16', 58.84, '0000000000026', 41),
(85, 'COPY0085', TRUE, '2022-09-11', 6.58, '0000000000029', 32),
(86, 'COPY0086', TRUE, '2025-03-09', 178.23, '0000000000156', 11),
(87, 'COPY0087', FALSE, '2024-02-28', 177.76, '0000000000105', 41),
(88, 'COPY0088', TRUE, '2023-01-22', 142.07, '0000000000081', 21),
(89, 'COPY0089', TRUE, '2025-02-03', 14.5, '0000000000165', 52),
(90, 'COPY0090', TRUE, '2023-12-17', 121.82, '0000000000106', 11),
(91, 'COPY0091', FALSE, '2024-07-12', 84.31, '0000000000103', 21),
(92, 'COPY0092', FALSE, '2023-08-16', 176.28, '0000000000140', 11),
(93, 'COPY0093', TRUE, '2022-04-22', 130.63, '0000000000038', 51),
(94, 'COPY0094', TRUE, '2021-03-12', 117.43, '0000000000151', 21),
(95, 'COPY0095', FALSE, '2021-02-11', 46.27, '0000000000074', 31),
(96, 'COPY0096', TRUE, '2021-03-17', 107.08, '0000000000176', 11),
(97, 'COPY0097', TRUE, '2024-09-26', 129.7, '0000000000200', 12),
(98, 'COPY0098', TRUE, '2020-07-31', 187.97, '0000000000040', 21),
(99, 'COPY0099', TRUE, '2025-05-21', 149.37, '0000000000030', 32),
(100, 'COPY0100', FALSE, '2024-10-18', 117.78, '0000000000083', 21),
(101, 'COPY0101', FALSE, '2023-04-01', 45.39, '0000000000017', 12),
(102, 'COPY0102', FALSE, '2021-03-31', 96.75, '0000000000116', 32),
(103, 'COPY0103', TRUE, '2025-03-23', 66.53, '0000000000135', 12),
(104, 'COPY0104', FALSE, '2022-06-06', 112.5, '0000000000099', 41),
(105, 'COPY0105', TRUE, '2020-08-08', 33.03, '0000000000133', 12),
(106, 'COPY0106', FALSE, '2020-10-13', 33.9, '0000000000103', 51),
(107, 'COPY0107', TRUE, '2021-03-30', 11.72, '0000000000019', 21),
(108, 'COPY0108', TRUE, '2023-02-01', 134.53, '0000000000166', 52),
(109, 'COPY0109', FALSE, '2021-03-18', 73.69, '0000000000135', 31),
(110, 'COPY0110', FALSE, '2023-10-06', 120.34, '0000000000171', 42),
(111, 'COPY0111', FALSE, '2021-07-10', 104.92, '0000000000082', 52),
(112, 'COPY0112', TRUE, '2025-04-30', 146.41, '0000000000060', 51),
(113, 'COPY0113', TRUE, '2024-12-13', 53.71, '0000000000094', 32),
(114, 'COPY0114', TRUE, '2022-02-11', 76.76, '0000000000020', 42),
(115, 'COPY0115', TRUE, '2022-10-17', 111.42, '0000000000197', 52),
(116, 'COPY0116', TRUE, '2022-12-12', 195.04, '0000000000133', 51),
(117, 'COPY0117', TRUE, '2021-10-13', 188.78, '0000000000146', 32),
(118, 'COPY0118', FALSE, '2021-12-29', 99.78, '0000000000047', 32),
(119, 'COPY0119', TRUE, '2022-05-10', 163.18, '0000000000194', 41),
(120, 'COPY0120', FALSE, '2021-08-06', 149.86, '0000000000198', 22),
(121, 'COPY0121', TRUE, '2021-07-16', 153.44, '0000000000089', 21),
(122, 'COPY0122', TRUE, '2022-05-17', 167.45, '0000000000123', 51),
(123, 'COPY0123', FALSE, '2022-08-17', 46.54, '0000000000179', 31),
(124, 'COPY0124', TRUE, '2024-08-26', 124.26, '0000000000007', 42),
(125, 'COPY0125', FALSE, '2023-01-05', 195.77, '0000000000081', 52),
(126, 'COPY0126', FALSE, '2021-09-01', 81.33, '0000000000146', 21),
(127, 'COPY0127', FALSE, '2022-09-27', 51.92, '0000000000095', 41),
(128, 'COPY0128', FALSE, '2022-03-04', 188.75, '0000000000066', 22),
(129, 'COPY0129', FALSE, '2021-02-05', 126.68, '0000000000061', 52),
(130, 'COPY0130', TRUE, '2021-08-04', 33.07, '0000000000038', 32),
(131, 'COPY0131', TRUE, '2023-11-23', 109.62, '0000000000195', 31),
(132, 'COPY0132', TRUE, '2021-12-24', 179.27, '0000000000182', 52),
(133, 'COPY0133', TRUE, '2022-02-14', 139.91, '0000000000115', 42),
(134, 'COPY0134', TRUE, '2020-07-30', 143.43, '0000000000154', 32),
(135, 'COPY0135', FALSE, '2023-06-03', 181.42, '0000000000023', 51),
(136, 'COPY0136', FALSE, '2025-01-02', 104.79, '0000000000076', 41),
(137, 'COPY0137', FALSE, '2024-07-06', 147.52, '0000000000091', 41),
(138, 'COPY0138', TRUE, '2021-07-04', 122.76, '0000000000012', 22),
(139, 'COPY0139', FALSE, '2022-09-26', 20.78, '0000000000042', 51),
(140, 'COPY0140', FALSE, '2021-02-15', 86.86, '0000000000129', 31),
(141, 'COPY0141', TRUE, '2022-10-22', 173.36, '0000000000081', 41),
(142, 'COPY0142', FALSE, '2022-04-23', 196.72, '0000000000030', 11),
(143, 'COPY0143', FALSE, '2020-06-19', 65.23, '0000000000196', 31),
(144, 'COPY0144', FALSE, '2021-08-26', 47.97, '0000000000107', 42),
(145, 'COPY0145', TRUE, '2022-03-12', 199.12, '0000000000174', 12),
(146, 'COPY0146', TRUE, '2025-05-06', 171.63, '0000000000161', 12),
(147, 'COPY0147', FALSE, '2020-06-17', 191.36, '0000000000150', 51),
(148, 'COPY0148', TRUE, '2023-12-28', 8.94, '0000000000153', 12),
(149, 'COPY0149', TRUE, '2021-07-07', 164.08, '0000000000025', 31),
(150, 'COPY0150', TRUE, '2021-09-01', 59.16, '0000000000101', 21),
(151, 'COPY0151', TRUE, '2024-07-22', 31.7, '0000000000041', 21),
(152, 'COPY0152', FALSE, '2025-01-05', 158.75, '0000000000059', 31),
(153, 'COPY0153', FALSE, '2020-10-12', 44.87, '0000000000038', 52),
(154, 'COPY0154', TRUE, '2024-09-17', 43.78, '0000000000035', 41),
(155, 'COPY0155', FALSE, '2023-02-22', 109.88, '0000000000151', 11),
(156, 'COPY0156', FALSE, '2022-04-21', 20.9, '0000000000123', 21),
(157, 'COPY0157', FALSE, '2021-11-30', 159.4, '0000000000185', 52),
(158, 'COPY0158', TRUE, '2024-04-25', 179.38, '0000000000189', 22),
(159, 'COPY0159', TRUE, '2023-02-15', 86.55, '0000000000054', 52),
(160, 'COPY0160', TRUE, '2024-03-13', 103.15, '0000000000038', 42),
(161, 'COPY0161', FALSE, '2022-05-27', 66.74, '0000000000057', 21),
(162, 'COPY0162', FALSE, '2022-10-10', 136.68, '0000000000114', 22),
(163, 'COPY0163', FALSE, '2022-01-14', 100.58, '0000000000049', 12),
(164, 'COPY0164', FALSE, '2021-04-14', 47.49, '0000000000091', 51),
(165, 'COPY0165', TRUE, '2023-05-29', 39.16, '0000000000142', 41),
(166, 'COPY0166', TRUE, '2024-08-07', 105.8, '0000000000030', 52),
(167, 'COPY0167', TRUE, '2022-09-30', 87.4, '0000000000036', 42),
(168, 'COPY0168', TRUE, '2023-06-07', 153.47, '0000000000188', 51),
(169, 'COPY0169', FALSE, '2025-01-05', 90.9, '0000000000046', 12),
(170, 'COPY0170', TRUE, '2022-11-02', 72.14, '0000000000084', 41),
(171, 'COPY0171', TRUE, '2022-04-14', 155.58, '0000000000100', 41),
(172, 'COPY0172', TRUE, '2022-11-11', 132.93, '0000000000183', 51),
(173, 'COPY0173', FALSE, '2025-02-17', 105.67, '0000000000079', 52),
(174, 'COPY0174', TRUE, '2023-10-09', 96.4, '0000000000148', 41),
(175, 'COPY0175', TRUE, '2020-12-27', 109.38, '0000000000101', 12),
(176, 'COPY0176', FALSE, '2021-12-03', 151.14, '0000000000032', 51),
(177, 'COPY0177', TRUE, '2023-08-17', 50.44, '0000000000043', 11),
(178, 'COPY0178', FALSE, '2021-05-26', 84.27, '0000000000025', 52),
(179, 'COPY0179', TRUE, '2021-03-29', 47.61, '0000000000141', 22),
(180, 'COPY0180', TRUE, '2024-10-29', 105.07, '0000000000024', 22),
(181, 'COPY0181', FALSE, '2021-08-11', 122.15, '0000000000155', 22),
(182, 'COPY0182', FALSE, '2024-05-08', 129.81, '0000000000165', 31),
(183, 'COPY0183', FALSE, '2021-08-28', 72.35, '0000000000155', 11),
(184, 'COPY0184', TRUE, '2024-01-10', 195.07, '0000000000197', 22),
(185, 'COPY0185', TRUE, '2022-08-28', 166.01, '0000000000113', 22),
(186, 'COPY0186', FALSE, '2024-12-28', 97.01, '0000000000037', 22),
(187, 'COPY0187', FALSE, '2022-02-03', 81.48, '0000000000155', 31),
(188, 'COPY0188', TRUE, '2021-12-10', 124.79, '0000000000189', 31),
(189, 'COPY0189', TRUE, '2021-01-05', 49.87, '0000000000128', 32),
(190, 'COPY0190', TRUE, '2022-09-08', 172.09, '0000000000035', 41),
(191, 'COPY0191', TRUE, '2024-03-06', 105.85, '0000000000125', 31),
(192, 'COPY0192', TRUE, '2023-03-20', 27.57, '0000000000163', 32),
(193, 'COPY0193', TRUE, '2023-08-19', 75.1, '0000000000083', 32),
(194, 'COPY0194', FALSE, '2024-10-14', 106.68, '0000000000050', 22),
(195, 'COPY0195', FALSE, '2020-11-13', 11.92, '0000000000109', 41),
(196, 'COPY0196', FALSE, '2023-05-12', 127.74, '0000000000113', 12),
(197, 'COPY0197', TRUE, '2023-10-01', 166.87, '0000000000040', 51),
(198, 'COPY0198', TRUE, '2023-09-12', 119.15, '0000000000126', 32),
(199, 'COPY0199', FALSE, '2025-02-08', 149.51, '0000000000147', 41),
(200, 'COPY0200', TRUE, '2021-07-03', 91.08, '0000000000030', 21),
(201, 'COPY0201', TRUE, '2025-01-13', 168.61, '0000000000138', 41),
(202, 'COPY0202', TRUE, '2025-04-10', 138.08, '0000000000077', 42),
(203, 'COPY0203', TRUE, '2021-09-22', 101.38, '0000000000166', 12),
(204, 'COPY0204', TRUE, '2020-09-23', 172.86, '0000000000134', 11),
(205, 'COPY0205', TRUE, '2023-01-11', 95.8, '0000000000175', 52),
(206, 'COPY0206', FALSE, '2024-03-16', 142.03, '0000000000067', 52),
(207, 'COPY0207', TRUE, '2024-10-27', 126.93, '0000000000097', 21),
(208, 'COPY0208', TRUE, '2025-04-29', 191.15, '0000000000174', 52),
(209, 'COPY0209', TRUE, '2023-12-21', 49.16, '0000000000167', 22),
(210, 'COPY0210', TRUE, '2022-03-21', 173.51, '0000000000181', 52),
(211, 'COPY0211', TRUE, '2024-06-02', 18.24, '0000000000040', 52),
(212, 'COPY0212', FALSE, '2022-03-01', 126.48, '0000000000072', 12),
(213, 'COPY0213', FALSE, '2023-10-06', 198.43, '0000000000148', 31),
(214, 'COPY0214', TRUE, '2021-03-06', 166.36, '0000000000182', 12),
(215, 'COPY0215', FALSE, '2021-04-06', 69.91, '0000000000116', 11),
(216, 'COPY0216', FALSE, '2024-12-26', 181.59, '0000000000164', 41),
(217, 'COPY0217', TRUE, '2023-11-08', 156.35, '0000000000076', 22),
(218, 'COPY0218', TRUE, '2021-06-19', 175.16, '0000000000152', 21),
(219, 'COPY0219', FALSE, '2024-09-28', 194.95, '0000000000055', 42),
(220, 'COPY0220', FALSE, '2024-05-26', 117.76, '0000000000003', 31),
(221, 'COPY0221', FALSE, '2021-11-10', 144.57, '0000000000141', 21),
(222, 'COPY0222', FALSE, '2020-09-15', 185.18, '0000000000168', 51),
(223, 'COPY0223', FALSE, '2022-02-23', 131.56, '0000000000077', 12);

INSERT INTO biblioteca_loan  VALUES
(1, '2024-11-26 03:30:05', '2024-12-10', '2024-12-03T03:30:05', 87, 20),
(2, '2024-07-07 20:53:06', '2024-07-21', NULL, 72, 75),
(3, '2024-09-27 16:40:15', '2024-10-11', NULL, 28, 96),
(4, '2025-02-07 09:07:51', '2025-02-21', '2025-03-03T09:07:51', 40, 14),
(5, '2025-02-19 17:10:28', '2025-03-05', NULL, 60, 100),
(6, '2024-08-07 03:31:15', '2024-08-21', '2024-08-15T03:31:15', 150, 13),
(7, '2024-12-29 11:34:15', '2025-01-12', '2025-01-26T11:34:15', 223, 61),
(8, '2024-08-19 22:48:00', '2024-09-02', NULL, 177, 22),
(9, '2025-04-26 07:18:37', '2025-05-10', '2025-05-03T07:18:37', 217, 48),
(10, '2025-01-27 20:40:08', '2025-02-10', '2025-02-24T20:40:08', 220, 81),
(11, '2024-12-14 22:38:50', '2024-12-28', NULL, 128, 71),
(12, '2024-10-21 19:45:19', '2024-11-04', '2024-11-05T19:45:19', 191, 49),
(13, '2024-08-07 06:09:50', '2024-08-21', '2024-08-21T06:09:50', 29, 72),
(14, '2025-01-21 06:36:40', '2025-02-04', '2025-01-30T06:36:40', 90, 31),
(15, '2024-08-04 15:19:40', '2024-08-18', '2024-08-20T15:19:40', 208, 78),
(16, '2025-05-14 04:48:25', '2025-05-28', '2025-06-04T04:48:25', 146, 95),
(17, '2025-01-16 07:28:11', '2025-01-30', NULL, 11, 48),
(18, '2024-11-21 16:27:15', '2024-12-05', '2024-12-18T16:27:15', 132, 19),
(19, '2024-09-18 19:02:23', '2024-10-02', NULL, 71, 27),
(20, '2025-03-22 17:26:05', '2025-04-05', '2025-04-04T17:26:05', 28, 63),
(21, '2024-08-29 02:29:00', '2024-09-12', '2024-09-08T02:29:00', 72, 34),
(22, '2024-07-23 06:39:00', '2024-08-06', '2024-08-07T06:39:00', 180, 85),
(23, '2024-08-08 04:49:23', '2024-08-22', '2024-08-28T04:49:23', 49, 26),
(24, '2024-08-01 00:34:13', '2024-08-15', '2024-08-26T00:34:13', 129, 19),
(25, '2024-11-26 08:47:33', '2024-12-10', '2024-12-13T08:47:33', 125, 15),
(26, '2025-05-29 16:37:51', '2025-06-12', '2025-06-27T16:37:51', 53, 99),
(27, '2025-05-03 14:49:13', '2025-05-17', '2025-05-28T14:49:13', 26, 50),
(28, '2025-01-02 04:14:17', '2025-01-16', '2025-01-31T04:14:17', 119, 43),
(29, '2024-11-19 12:29:36', '2024-12-03', NULL, 27, 54),
(30, '2025-06-06 18:51:09', '2025-06-20', NULL, 135, 21),
(31, '2024-08-16 15:03:07', '2024-08-30', '2024-09-10T15:03:07', 41, 35),
(32, '2025-04-29 18:35:25', '2025-05-13', '2025-05-12T18:35:25', 4, 54),
(33, '2024-06-22 19:20:48', '2024-07-06', NULL, 92, 30),
(34, '2024-10-01 23:58:58', '2024-10-15', NULL, 59, 68),
(35, '2025-03-26 05:14:51', '2025-04-09', '2025-04-02T05:14:51', 29, 26),
(36, '2024-12-07 12:47:08', '2024-12-21', '2025-01-02T12:47:08', 147, 53),
(37, '2025-01-16 10:01:53', '2025-01-30', NULL, 133, 6),
(38, '2024-07-11 01:07:49', '2024-07-25', '2024-07-28T01:07:49', 82, 78),
(39, '2025-02-27 23:12:27', '2025-03-13', '2025-03-10T23:12:27', 29, 30),
(40, '2024-10-28 07:51:35', '2024-11-11', '2024-11-08T07:51:35', 29, 5),
(41, '2025-02-14 08:19:02', '2025-02-28', '2025-03-09T08:19:02', 20, 59),
(42, '2025-06-02 19:57:34', '2025-06-16', '2025-06-18T19:57:34', 172, 80),
(43, '2024-07-16 04:32:16', '2024-07-30', '2024-07-21T04:32:16', 60, 47),
(44, '2024-07-17 03:37:13', '2024-07-31', NULL, 187, 54),
(45, '2024-12-16 21:12:33', '2024-12-30', '2024-12-21T21:12:33', 198, 30),
(46, '2024-09-11 07:44:25', '2024-09-25', '2024-10-01T07:44:25', 97, 86),
(47, '2024-12-27 00:56:49', '2025-01-10', NULL, 201, 53),
(48, '2024-06-24 12:28:27', '2024-07-08', '2024-07-13T12:28:27', 220, 87),
(49, '2024-06-19 14:51:48', '2024-07-03', NULL, 110, 95),
(50, '2025-05-08 05:44:10', '2025-05-22', '2025-05-13T05:44:10', 82, 90),
(51, '2025-03-10 21:54:06', '2025-03-24', NULL, 95, 39),
(52, '2025-02-28 09:44:00', '2025-03-14', NULL, 129, 20),
(53, '2025-04-16 04:25:56', '2025-04-30', '2025-05-04T04:25:56', 26, 33),
(54, '2025-01-22 19:19:51', '2025-02-05', '2025-02-11T19:19:51', 26, 42),
(55, '2024-07-11 10:18:05', '2024-07-25', NULL, 62, 60),
(56, '2024-12-05 18:26:03', '2024-12-19', NULL, 132, 41),
(57, '2025-04-22 23:01:22', '2025-05-06', '2025-04-27T23:01:22', 193, 37),
(58, '2024-09-16 22:01:01', '2024-09-30', '2024-09-27T22:01:01', 64, 64),
(59, '2025-03-21 04:44:26', '2025-04-04', '2025-04-19T04:44:26', 140, 55),
(60, '2025-01-21 10:41:34', '2025-02-04', '2025-02-08T10:41:34', 19, 53),
(61, '2024-09-15 16:18:18', '2024-09-29', '2024-09-28T16:18:18', 44, 72),
(62, '2025-03-07 20:01:09', '2025-03-21', NULL, 14, 92),
(63, '2025-01-12 09:01:55', '2025-01-26', '2025-01-28T09:01:55', 200, 87),
(64, '2025-04-11 21:31:39', '2025-04-25', '2025-05-03T21:31:39', 22, 71),
(65, '2024-11-01 02:15:28', '2024-11-15', '2024-12-01T02:15:28', 24, 96),
(66, '2024-08-10 00:36:16', '2024-08-24', '2024-08-21T00:36:16', 13, 76),
(67, '2024-09-08 04:43:48', '2024-09-22', NULL, 221, 40),
(68, '2025-02-05 18:29:13', '2025-02-19', '2025-02-24T18:29:13', 85, 13),
(69, '2024-07-25 07:06:00', '2024-08-08', '2024-08-14T07:06:00', 66, 81),
(70, '2025-02-26 13:21:00', '2025-03-12', '2025-03-07T13:21:00', 222, 41),
(71, '2025-04-23 08:12:42', '2025-05-07', '2025-05-20T08:12:42', 130, 63),
(72, '2025-01-19 15:10:02', '2025-02-02', '2025-02-04T15:10:02', 115, 68),
(73, '2025-03-17 13:23:46', '2025-03-31', '2025-04-08T13:23:46', 136, 66),
(74, '2025-04-06 17:07:43', '2025-04-20', '2025-04-15T17:07:43', 50, 84),
(75, '2024-12-26 00:19:42', '2025-01-09', NULL, 72, 65),
(76, '2024-08-09 00:13:27', '2024-08-23', NULL, 100, 44),
(77, '2024-12-17 19:30:31', '2024-12-31', NULL, 24, 63),
(78, '2025-02-15 10:24:07', '2025-03-01', NULL, 26, 68),
(79, '2025-06-05 10:41:25', '2025-06-19', NULL, 29, 60),
(80, '2025-02-06 20:03:50', '2025-02-20', '2025-02-15T20:03:50', 42, 34),
(81, '2024-09-10 08:56:35', '2024-09-24', NULL, 190, 60),
(82, '2024-06-13 00:52:28', '2024-06-27', '2024-06-21T00:52:28', 52, 14),
(83, '2024-09-03 21:07:34', '2024-09-17', '2024-09-19T21:07:34', 158, 40),
(84, '2024-08-02 16:08:30', '2024-08-16', '2024-08-22T16:08:30', 4, 24),
(85, '2025-03-09 11:40:05', '2025-03-23', '2025-03-16T11:40:05', 208, 52),
(86, '2025-01-27 08:37:40', '2025-02-10', '2025-02-14T08:37:40', 137, 54),
(87, '2025-02-24 23:56:58', '2025-03-10', '2025-03-05T23:56:58', 25, 86),
(88, '2025-04-01 18:22:11', '2025-04-15', '2025-04-26T18:22:11', 106, 55),
(89, '2025-05-12 12:16:09', '2025-05-26', NULL, 99, 99),
(90, '2024-08-02 22:49:06', '2024-08-16', '2024-08-16T22:49:06', 39, 18),
(91, '2025-05-09 12:52:32', '2025-05-23', NULL, 176, 58),
(92, '2025-02-10 05:54:28', '2025-02-24', '2025-03-12T05:54:28', 66, 60),
(93, '2024-08-06 20:50:51', '2024-08-20', NULL, 55, 29),
(94, '2025-05-03 08:19:50', '2025-05-17', '2025-05-13T08:19:50', 128, 69),
(95, '2025-03-31 07:48:45', '2025-04-14', NULL, 162, 12),
(96, '2025-04-18 18:03:44', '2025-05-02', NULL, 60, 46),
(97, '2025-04-22 20:25:21', '2025-05-06', '2025-05-21T20:25:21', 168, 42),
(98, '2025-01-23 20:27:00', '2025-02-06', '2025-02-06T20:27:00', 97, 1),
(99, '2025-02-03 22:46:36', '2025-02-17', NULL, 96, 82),
(100, '2024-08-15 18:54:23', '2024-08-29', '2024-08-27T18:54:23', 82, 72),
(101, '2024-07-04 07:14:19', '2024-07-18', '2024-07-31T07:14:19', 169, 11),
(102, '2024-07-18 22:33:14', '2024-08-01', '2024-07-25T22:33:14', 27, 14),
(103, '2024-09-24 10:47:25', '2024-10-08', '2024-10-03T10:47:25', 138, 51),
(104, '2024-07-14 23:59:10', '2024-07-28', NULL, 73, 91),
(105, '2024-09-20 14:26:56', '2024-10-04', '2024-10-07T14:26:56', 78, 15),
(106, '2025-02-04 20:38:20', '2025-02-18', NULL, 49, 78),
(107, '2024-12-06 14:45:35', '2024-12-20', NULL, 198, 74),
(108, '2025-01-18 02:05:13', '2025-02-01', '2025-02-04T02:05:13', 155, 96),
(109, '2025-04-06 20:58:09', '2025-04-20', '2025-04-19T20:58:09', 172, 23),
(110, '2024-09-16 02:42:31', '2024-09-30', '2024-10-11T02:42:31', 173, 98),
(111, '2025-01-18 12:32:53', '2025-02-01', '2025-01-28T12:32:53', 134, 52),
(112, '2024-11-17 23:29:57', '2024-12-01', NULL, 44, 21),
(113, '2024-06-24 01:04:44', '2024-07-08', '2024-07-13T01:04:44', 184, 67),
(114, '2025-03-09 23:34:37', '2025-03-23', '2025-03-27T23:34:37', 47, 85),
(115, '2024-07-06 22:52:38', '2024-07-20', '2024-07-15T22:52:38', 135, 39),
(116, '2024-08-01 19:47:50', '2024-08-15', '2024-08-13T19:47:50', 90, 45),
(117, '2025-04-25 07:09:22', '2025-05-09', '2025-05-14T07:09:22', 65, 9),
(118, '2024-11-30 06:36:30', '2024-12-14', '2024-12-12T06:36:30', 51, 56),
(119, '2024-06-30 16:32:45', '2024-07-14', NULL, 166, 16),
(120, '2024-10-20 16:51:40', '2024-11-03', '2024-11-09T16:51:40', 181, 31),
(121, '2024-10-15 04:41:21', '2024-10-29', '2024-11-10T04:41:21', 147, 44),
(122, '2024-09-14 13:07:02', '2024-09-28', NULL, 152, 35),
(123, '2025-02-10 09:50:51', '2025-02-24', NULL, 93, 88),
(124, '2024-11-13 07:08:55', '2024-11-27', '2024-11-21T07:08:55', 81, 65),
(125, '2024-11-06 13:50:01', '2024-11-20', NULL, 96, 40),
(126, '2025-05-25 14:45:58', '2025-06-08', '2025-06-15T14:45:58', 34, 7),
(127, '2024-06-16 12:53:52', '2024-06-30', '2024-07-12T12:53:52', 189, 72),
(128, '2024-10-01 01:40:18', '2024-10-15', '2024-10-31T01:40:18', 215, 49),
(129, '2025-02-16 11:45:44', '2025-03-02', '2025-03-08T11:45:44', 117, 44),
(130, '2024-09-09 20:35:46', '2024-09-23', '2024-09-14T20:35:46', 167, 19),
(131, '2024-08-29 09:00:05', '2024-09-12', '2024-09-03T09:00:05', 147, 95),
(132, '2025-04-05 08:28:07', '2025-04-19', '2025-04-14T08:28:07', 188, 11),
(133, '2024-07-12 13:08:19', '2024-07-26', NULL, 57, 98),
(134, '2025-01-24 01:14:17', '2025-02-07', '2025-02-19T01:14:17', 100, 40),
(135, '2025-03-14 20:55:33', '2025-03-28', '2025-04-13T20:55:33', 118, 7),
(136, '2024-08-02 20:22:27', '2024-08-16', '2024-08-23T20:22:27', 197, 47),
(137, '2024-09-12 04:25:53', '2024-09-26', '2024-09-23T04:25:53', 189, 80),
(138, '2025-05-12 19:30:36', '2025-05-26', '2025-05-24T19:30:36', 21, 51),
(139, '2024-12-27 23:55:11', '2025-01-10', '2025-01-24T23:55:11', 4, 73),
(140, '2024-08-29 15:31:32', '2024-09-12', NULL, 213, 2),
(141, '2024-11-30 20:18:45', '2024-12-14', '2024-12-09T20:18:45', 33, 26),
(142, '2024-10-10 01:51:12', '2024-10-24', '2024-11-08T01:51:12', 144, 41),
(143, '2025-05-13 15:14:53', '2025-05-27', '2025-06-02T15:14:53', 176, 58),
(144, '2024-06-12 01:47:37', '2024-06-26', '2024-06-26T01:47:37', 137, 43),
(145, '2025-04-01 02:34:07', '2025-04-15', '2025-04-27T02:34:07', 174, 57),
(146, '2024-09-13 04:53:05', '2024-09-27', '2024-10-12T04:53:05', 207, 43),
(147, '2024-11-18 08:39:55', '2024-12-02', NULL, 8, 36),
(148, '2025-01-18 11:49:46', '2025-02-01', '2025-02-04T11:49:46', 140, 92),
(149, '2024-12-26 14:11:55', '2025-01-09', '2025-01-05T14:11:55', 67, 55),
(150, '2025-01-06 15:19:32', '2025-01-20', '2025-01-16T15:19:32', 98, 62);

INSERT INTO biblioteca_fine  VALUES
(1, 31.6, 'NOW()', TRUE, 1),
(2, 4.82, 'NOW()', FALSE, 2),
(3, 25.63, 'NOW()', TRUE, 3),
(4, 29.78, 'NOW()', TRUE, 4),
(5, 33.41, 'NOW()', TRUE, 5),
(6, 24.58, 'NOW()', TRUE, 6),
(7, 22.27, 'NOW()', TRUE, 7),
(8, 6.7, 'NOW()', TRUE, 8),
(9, 26.28, 'NOW()', TRUE, 9),
(10, 39.69, 'NOW()', TRUE, 10),
(11, 44.27, 'NOW()', TRUE, 11),
(12, 8.21, 'NOW()', TRUE, 12),
(13, 32.66, 'NOW()', FALSE, 13),
(14, 5.89, 'NOW()', FALSE, 14),
(15, 24.93, 'NOW()', FALSE, 15),
(16, 29.1, 'NOW()', TRUE, 16),
(17, 30.75, 'NOW()', FALSE, 17),
(18, 30.55, 'NOW()', TRUE, 18),
(19, 7.88, 'NOW()', TRUE, 19),
(20, 37.7, 'NOW()', TRUE, 20),
(21, 47.08, 'NOW()', TRUE, 21),
(22, 9.72, 'NOW()', FALSE, 22),
(23, 14.51, 'NOW()', FALSE, 23),
(24, 9.29, 'NOW()', FALSE, 24),
(25, 27.77, 'NOW()', TRUE, 25),
(26, 20.42, 'NOW()', TRUE, 26),
(27, 10.24, 'NOW()', FALSE, 27),
(28, 44.35, 'NOW()', FALSE, 28),
(29, 46.38, 'NOW()', TRUE, 29),
(30, 17.08, 'NOW()', FALSE, 30),
(31, 30.79, 'NOW()', FALSE, 31),
(32, 13.01, 'NOW()', TRUE, 32),
(33, 17.9, 'NOW()', TRUE, 33),
(34, 48.93, 'NOW()', FALSE, 34),
(35, 47.25, 'NOW()', TRUE, 35),
(36, 39.8, 'NOW()', TRUE, 36),
(37, 42.96, 'NOW()', FALSE, 37),
(38, 34.33, 'NOW()', FALSE, 38),
(39, 42.39, 'NOW()', TRUE, 39),
(40, 39.77, 'NOW()', FALSE, 40),
(41, 23.94, 'NOW()', TRUE, 41),
(42, 20.82, 'NOW()', TRUE, 42),
(43, 40.64, 'NOW()', FALSE, 43),
(44, 40.74, 'NOW()', TRUE, 44),
(45, 40.53, 'NOW()', FALSE, 45),
(46, 17.15, 'NOW()', TRUE, 46),
(47, 24.97, 'NOW()', FALSE, 47),
(48, 1.34, 'NOW()', FALSE, 48),
(49, 45.46, 'NOW()', FALSE, 49),
(50, 40.57, 'NOW()', FALSE, 50),
(51, 42.72, 'NOW()', TRUE, 51),
(52, 4.83, 'NOW()', FALSE, 52),
(53, 43.62, 'NOW()', TRUE, 53),
(54, 45.46, 'NOW()', FALSE, 54),
(55, 7.48, 'NOW()', FALSE, 55),
(56, 49.17, 'NOW()', TRUE, 56),
(57, 40.86, 'NOW()', TRUE, 57),
(58, 12.87, 'NOW()', TRUE, 58),
(59, 24.44, 'NOW()', TRUE, 59),
(60, 2.36, 'NOW()', FALSE, 60),
(61, 17.16, 'NOW()', FALSE, 61),
(62, 29.91, 'NOW()', FALSE, 62),
(63, 45.52, 'NOW()', TRUE, 63),
(64, 16.26, 'NOW()', FALSE, 64),
(65, 22.24, 'NOW()', TRUE, 65),
(66, 43.93, 'NOW()', FALSE, 66),
(67, 1.73, 'NOW()', FALSE, 67),
(68, 49.55, 'NOW()', FALSE, 68),
(69, 11.5, 'NOW()', FALSE, 69),
(70, 15.39, 'NOW()', TRUE, 70),
(71, 9.68, 'NOW()', FALSE, 71),
(72, 10.79, 'NOW()', TRUE, 72),
(73, 18.27, 'NOW()', FALSE, 73),
(74, 8.56, 'NOW()', FALSE, 74),
(75, 35.83, 'NOW()', TRUE, 75),
(76, 43.39, 'NOW()', TRUE, 76),
(77, 33.69, 'NOW()', TRUE, 77),
(78, 41.34, 'NOW()', FALSE, 78),
(79, 21.17, 'NOW()', TRUE, 79),
(80, 34.15, 'NOW()', TRUE, 80);

INSERT INTO biblioteca_paymentmethod  VALUES
(1, 'Method1', '{"field": "value"}'),
(2, 'Method2', '{"field": "value"}'),
(3, 'Method3', '{"field": "value"}');

INSERT INTO biblioteca_payment  VALUES
(1, 47.11, 'NOW()', 69, 1),
(2, 144.67, 'NOW()', 58, 3),
(3, 163.05, 'NOW()', 13, 1),
(4, 119.73, 'NOW()', 21, 3),
(5, 156.35, 'NOW()', 7, 2),
(6, 16.87, 'NOW()', 28, 3),
(7, 131.52, 'NOW()', 10, 1),
(8, 38.41, 'NOW()', 77, 1),
(9, 61.73, 'NOW()', 26, 3),
(10, 34.32, 'NOW()', 73, 1),
(11, 177.32, 'NOW()', 70, 1),
(12, 132.84, 'NOW()', 80, 2),
(13, 118.25, 'NOW()', 70, 1),
(14, 85.46, 'NOW()', 2, 3),
(15, 192.78, 'NOW()', 10, 2),
(16, 63.58, 'NOW()', 45, 1),
(17, 12.48, 'NOW()', 20, 2),
(18, 121.41, 'NOW()', 2, 3),
(19, 89.23, 'NOW()', 52, 1),
(20, 95.68, 'NOW()', 56, 3),
(21, 139.55, 'NOW()', 1, 1),
(22, 18.17, 'NOW()', 59, 3),
(23, 13.53, 'NOW()', 2, 3),
(24, 81.71, 'NOW()', 12, 1),
(25, 148.13, 'NOW()', 77, 1),
(26, 10.81, 'NOW()', 71, 1),
(27, 84.05, 'NOW()', 6, 2),
(28, 169.24, 'NOW()', 37, 1),
(29, 67.18, 'NOW()', 4, 3),
(30, 44.19, 'NOW()', 54, 3),
(31, 121.19, 'NOW()', 66, 2),
(32, 101.03, 'NOW()', 5, 2),
(33, 70.97, 'NOW()', 7, 1),
(34, 43.45, 'NOW()', 24, 3),
(35, 28.24, 'NOW()', 5, 1),
(36, 147.92, 'NOW()', 42, 2),
(37, 117.39, 'NOW()', 19, 1),
(38, 15.78, 'NOW()', 54, 2),
(39, 152.57, 'NOW()', 49, 1),
(40, 159.51, 'NOW()', 64, 1),
(41, 153.54, 'NOW()', 29, 2),
(42, 128.21, 'NOW()', 17, 3),
(43, 163.69, 'NOW()', 80, 3),
(44, 125.28, 'NOW()', 6, 3),
(45, 105.04, 'NOW()', 30, 1),
(46, 116.49, 'NOW()', 63, 1),
(47, 26.65, 'NOW()', 11, 3),
(48, 10.49, 'NOW()', 22, 2),
(49, 125.74, 'NOW()', 15, 1),
(50, 158.94, 'NOW()', 68, 3),
(51, 55.0, 'NOW()', 70, 2),
(52, 13.68, 'NOW()', 47, 1),
(53, 91.73, 'NOW()', 28, 3),
(54, 157.0, 'NOW()', 79, 2),
(55, 119.92, 'NOW()', 8, 1),
(56, 134.9, 'NOW()', 25, 2),
(57, 77.37, 'NOW()', 35, 2),
(58, 199.15, 'NOW()', 38, 1),
(59, 60.51, 'NOW()', 14, 2),
(60, 52.03, 'NOW()', 44, 1);

INSERT INTO biblioteca_event  VALUES
(1, 'Event 1', 'Description for event 1', '2025-05-21 16:58:59', '2025-05-21 18:58:59', 34, 2),
(2, 'Event 2', 'Description for event 2', '2025-06-10 09:21:02', '2025-06-10 11:21:02', 65, 5),
(3, 'Event 3', 'Description for event 3', '2025-07-03 10:59:07', '2025-07-03 12:59:07', 20, 3),
(4, 'Event 4', 'Description for event 4', '2025-06-29 22:36:59', '2025-06-30 00:36:59', 32, 3),
(5, 'Event 5', 'Description for event 5', '2025-06-15 20:39:27', '2025-06-15 22:39:27', 32, 3),
(6, 'Event 6', 'Description for event 6', '2025-05-28 15:02:18', '2025-05-28 17:02:18', 44, 4),
(7, 'Event 7', 'Description for event 7', '2025-06-07 02:56:36', '2025-06-07 04:56:36', 61, 4),
(8, 'Event 8', 'Description for event 8', '2025-05-18 09:12:49', '2025-05-18 11:12:49', 85, 4),
(9, 'Event 9', 'Description for event 9', '2025-06-21 09:17:18', '2025-06-21 11:17:18', 90, 3),
(10, 'Event 10', 'Description for event 10', '2025-06-04 08:23:30', '2025-06-04 10:23:30', 13, 5),
(11, 'Event 11', 'Description for event 11', '2025-06-01 04:00:47', '2025-06-01 06:00:47', 57, 5),
(12, 'Event 12', 'Description for event 12', '2025-06-03 14:05:17', '2025-06-03 16:05:17', 87, 5),
(13, 'Event 13', 'Description for event 13', '2025-06-07 21:40:09', '2025-06-07 23:40:09', 29, 4),
(14, 'Event 14', 'Description for event 14', '2025-05-17 09:19:30', '2025-05-17 11:19:30', 29, 3),
(15, 'Event 15', 'Description for event 15', '2025-06-13 21:19:00', '2025-06-13 23:19:00', 81, 1),
(16, 'Event 16', 'Description for event 16', '2025-05-23 05:46:18', '2025-05-23 07:46:18', 99, 5),
(17, 'Event 17', 'Description for event 17', '2025-06-21 20:25:50', '2025-06-21 22:25:50', 38, 3),
(18, 'Event 18', 'Description for event 18', '2025-05-11 17:11:38', '2025-05-11 19:11:38', 66, 1),
(19, 'Event 19', 'Description for event 19', '2025-06-15 16:10:50', '2025-06-15 18:10:50', 91, 3),
(20, 'Event 20', 'Description for event 20', '2025-06-21 14:16:50', '2025-06-21 16:16:50', 60, 1);

INSERT INTO biblioteca_eventattendance (event_id, user_id, attended_at) VALUES
(1, 16, NOW()),
(1, 69, NOW()),
(1, 33, NOW()),
(1, 86, NOW()),
(1, 22, NOW()),
(1, 45, NOW()),
(1, 51, NOW()),
(1, 4, NOW()),
(1, 6, NOW()),
(2, 33, NOW()),
(2, 91, NOW()),
(2, 26, NOW()),
(2, 66, NOW()),
(3, 65, NOW()),
(3, 55, NOW()),
(3, 87, NOW()),
(3, 71, NOW()),
(4, 16, NOW()),
(4, 37, NOW()),
(4, 94, NOW()),
(4, 95, NOW()),
(4, 98, NOW()),
(5, 38, NOW()),
(5, 32, NOW()),
(5, 69, NOW()),
(5, 75, NOW()),
(5, 89, NOW()),
(5, 31, NOW()),
(5, 10, NOW()),
(5, 62, NOW()),
(5, 25, NOW()),
(5, 46, NOW()),
(6, 14, NOW()),
(6, 18, NOW()),
(6, 60, NOW()),
(6, 81, NOW()),
(6, 45, NOW()),
(6, 65, NOW()),
(6, 17, NOW()),
(6, 9, NOW()),
(7, 41, NOW()),
(7, 79, NOW()),
(7, 40, NOW()),
(7, 62, NOW()),
(7, 19, NOW()),
(7, 37, NOW()),
(7, 6, NOW()),
(7, 53, NOW()),
(7, 89, NOW()),
(7, 9, NOW()),
(8, 9, NOW()),
(8, 98, NOW()),
(8, 15, NOW()),
(8, 51, NOW()),
(8, 30, NOW()),
(9, 55, NOW()),
(9, 81, NOW()),
(9, 75, NOW()),
(9, 38, NOW()),
(10, 52, NOW()),
(10, 95, NOW()),
(10, 53, NOW()),
(11, 100, NOW()),
(11, 32, NOW()),
(11, 21, NOW()),
(11, 84, NOW()),
(11, 14, NOW()),
(11, 15, NOW()),
(12, 38, NOW()),
(12, 46, NOW()),
(12, 63, NOW()),
(12, 66, NOW()),
(12, 32, NOW()),
(13, 44, NOW()),
(13, 24, NOW()),
(13, 98, NOW()),
(13, 85, NOW()),
(13, 3, NOW()),
(14, 66, NOW()),
(14, 41, NOW()),
(14, 78, NOW()),
(14, 32, NOW()),
(15, 95, NOW()),
(15, 88, NOW()),
(15, 62, NOW()),
(15, 67, NOW()),
(16, 37, NOW()),
(16, 43, NOW()),
(16, 79, NOW()),
(16, 12, NOW()),
(16, 27, NOW()),
(16, 6, NOW()),
(16, 82, NOW()),
(16, 52, NOW()),
(16, 34, NOW()),
(16, 66, NOW()),
(17, 34, NOW()),
(17, 93, NOW()),
(17, 96, NOW()),
(17, 90, NOW()),
(17, 9, NOW()),
(17, 58, NOW()),
(17, 17, NOW()),
(17, 5, NOW()),
(18, 98, NOW()),
(18, 43, NOW()),
(18, 33, NOW()),
(18, 57, NOW()),
(18, 3, NOW()),
(18, 44, NOW()),
(18, 94, NOW()),
(19, 46, NOW()),
(19, 94, NOW()),
(19, 47, NOW()),
(19, 92, NOW()),
(19, 49, NOW()),
(19, 26, NOW()),
(20, 52, NOW()),
(20, 78, NOW()),
(20, 3, NOW()),
(20, 70, NOW()),
(20, 16, NOW()),
(20, 41, NOW()),
(20, 4, NOW());

INSERT INTO biblioteca_review  VALUES
(1, 'poor', 'Good book!', 'NOW()', '0000000000037', 56),
(2, 'good', 'Good book!', 'NOW()', '0000000000168', 97),
(3, 'good', 'Good book!', 'NOW()', '0000000000165', 41),
(4, 'excellent', 'Good book!', 'NOW()', '0000000000162', 36),
(5, 'average', 'Good book!', 'NOW()', '0000000000001', 21),
(6, 'good', 'Good book!', 'NOW()', '0000000000145', 40),
(7, 'poor', 'Good book!', 'NOW()', '0000000000036', 13),
(8, 'excellent', 'Good book!', 'NOW()', '0000000000186', 76),
(9, 'excellent', 'Good book!', 'NOW()', '0000000000076', 71),
(10, 'good', 'Good book!', 'NOW()', '0000000000147', 41),
(11, 'good', 'Good book!', 'NOW()', '0000000000184', 14),
(12, 'poor', 'Good book!', 'NOW()', '0000000000133', 15),
(13, 'excellent', 'Good book!', 'NOW()', '0000000000115', 78),
(14, 'average', 'Good book!', 'NOW()', '0000000000024', 89),
(15, 'poor', 'Good book!', 'NOW()', '0000000000122', 34),
(16, 'good', 'Good book!', 'NOW()', '0000000000014', 71),
(17, 'poor', 'Good book!', 'NOW()', '0000000000122', 37),
(18, 'good', 'Good book!', 'NOW()', '0000000000045', 80),
(19, 'poor', 'Good book!', 'NOW()', '0000000000165', 15),
(20, 'average', 'Good book!', 'NOW()', '0000000000065', 59),
(21, 'average', 'Good book!', 'NOW()', '0000000000027', 34),
(22, 'good', 'Good book!', 'NOW()', '0000000000135', 55),
(23, 'good', 'Good book!', 'NOW()', '0000000000087', 75),
(24, 'good', 'Good book!', 'NOW()', '0000000000098', 87),
(25, 'poor', 'Good book!', 'NOW()', '0000000000190', 92),
(26, 'good', 'Good book!', 'NOW()', '0000000000115', 24),
(27, 'average', 'Good book!', 'NOW()', '0000000000071', 81),
(28, 'average', 'Good book!', 'NOW()', '0000000000011', 3),
(29, 'poor', 'Good book!', 'NOW()', '0000000000200', 45),
(30, 'good', 'Good book!', 'NOW()', '0000000000023', 44),
(31, 'average', 'Good book!', 'NOW()', '0000000000135', 28),
(32, 'average', 'Good book!', 'NOW()', '0000000000115', 34),
(33, 'poor', 'Good book!', 'NOW()', '0000000000198', 58),
(34, 'average', 'Good book!', 'NOW()', '0000000000052', 27),
(35, 'poor', 'Good book!', 'NOW()', '0000000000105', 57),
(36, 'average', 'Good book!', 'NOW()', '0000000000177', 80),
(37, 'poor', 'Good book!', 'NOW()', '0000000000104', 52),
(38, 'average', 'Good book!', 'NOW()', '0000000000100', 74),
(39, 'average', 'Good book!', 'NOW()', '0000000000090', 62),
(40, 'good', 'Good book!', 'NOW()', '0000000000004', 48),
(41, 'excellent', 'Good book!', 'NOW()', '0000000000145', 50),
(42, 'good', 'Good book!', 'NOW()', '0000000000109', 85),
(43, 'average', 'Good book!', 'NOW()', '0000000000052', 60),
(44, 'good', 'Good book!', 'NOW()', '0000000000080', 14),
(45, 'good', 'Good book!', 'NOW()', '0000000000042', 17),
(46, 'good', 'Good book!', 'NOW()', '0000000000033', 14),
(47, 'good', 'Good book!', 'NOW()', '0000000000153', 92),
(48, 'excellent', 'Good book!', 'NOW()', '0000000000088', 4),
(49, 'good', 'Good book!', 'NOW()', '0000000000140', 99),
(50, 'good', 'Good book!', 'NOW()', '0000000000008', 47),
(51, 'excellent', 'Good book!', 'NOW()', '0000000000083', 28),
(52, 'poor', 'Good book!', 'NOW()', '0000000000106', 27),
(53, 'excellent', 'Good book!', 'NOW()', '0000000000099', 28),
(54, 'poor', 'Good book!', 'NOW()', '0000000000056', 92),
(55, 'poor', 'Good book!', 'NOW()', '0000000000111', 34),
(56, 'good', 'Good book!', 'NOW()', '0000000000030', 43),
(57, 'poor', 'Good book!', 'NOW()', '0000000000017', 74),
(58, 'poor', 'Good book!', 'NOW()', '0000000000146', 92),
(59, 'good', 'Good book!', 'NOW()', '0000000000184', 23),
(60, 'excellent', 'Good book!', 'NOW()', '0000000000167', 26),
(61, 'good', 'Good book!', 'NOW()', '0000000000111', 45),
(62, 'good', 'Good book!', 'NOW()', '0000000000145', 88),
(63, 'average', 'Good book!', 'NOW()', '0000000000102', 28),
(64, 'poor', 'Good book!', 'NOW()', '0000000000193', 94),
(65, 'excellent', 'Good book!', 'NOW()', '0000000000007', 83),
(66, 'good', 'Good book!', 'NOW()', '0000000000012', 95),
(67, 'poor', 'Good book!', 'NOW()', '0000000000173', 84),
(68, 'average', 'Good book!', 'NOW()', '0000000000028', 13),
(69, 'good', 'Good book!', 'NOW()', '0000000000124', 30),
(70, 'excellent', 'Good book!', 'NOW()', '0000000000177', 51),
(71, 'average', 'Good book!', 'NOW()', '0000000000031', 98),
(72, 'average', 'Good book!', 'NOW()', '0000000000127', 90),
(73, 'excellent', 'Good book!', 'NOW()', '0000000000123', 75),
(74, 'average', 'Good book!', 'NOW()', '0000000000078', 93),
(75, 'average', 'Good book!', 'NOW()', '0000000000027', 25),
(76, 'excellent', 'Good book!', 'NOW()', '0000000000094', 67),
(77, 'poor', 'Good book!', 'NOW()', '0000000000174', 57),
(78, 'excellent', 'Good book!', 'NOW()', '0000000000100', 2),
(79, 'good', 'Good book!', 'NOW()', '0000000000109', 54),
(80, 'average', 'Good book!', 'NOW()', '0000000000158', 20),
(81, 'excellent', 'Good book!', 'NOW()', '0000000000075', 65),
(82, 'average', 'Good book!', 'NOW()', '0000000000050', 80),
(83, 'poor', 'Good book!', 'NOW()', '0000000000078', 36),
(84, 'good', 'Good book!', 'NOW()', '0000000000103', 67),
(85, 'average', 'Good book!', 'NOW()', '0000000000119', 87),
(86, 'poor', 'Good book!', 'NOW()', '0000000000162', 28),
(87, 'good', 'Good book!', 'NOW()', '0000000000173', 41),
(88, 'poor', 'Good book!', 'NOW()', '0000000000118', 14),
(89, 'average', 'Good book!', 'NOW()', '0000000000183', 96),
(90, 'good', 'Good book!', 'NOW()', '0000000000147', 4),
(91, 'poor', 'Good book!', 'NOW()', '0000000000034', 48),
(92, 'good', 'Good book!', 'NOW()', '0000000000138', 28),
(93, 'excellent', 'Good book!', 'NOW()', '0000000000029', 85),
(94, 'poor', 'Good book!', 'NOW()', '0000000000144', 53),
(95, 'average', 'Good book!', 'NOW()', '0000000000081', 70),
(96, 'good', 'Good book!', 'NOW()', '0000000000053', 72),
(97, 'good', 'Good book!', 'NOW()', '0000000000188', 89),
(98, 'excellent', 'Good book!', 'NOW()', '0000000000011', 1),
(99, 'excellent', 'Good book!', 'NOW()', '0000000000069', 98),
(100, 'average', 'Good book!', 'NOW()', '0000000000085', 36);

INSERT INTO biblioteca_reviewvote (review_id, user_id, is_upvote) VALUES
(1, 7, FALSE),
(1, 86, TRUE),
(2, 73, TRUE),
(2, 11, FALSE),
(3, 9, FALSE),
(4, 21, FALSE),
(4, 94, TRUE),
(5, 89, TRUE),
(5, 7, TRUE),
(5, 12, TRUE),
(5, 49, FALSE),
(5, 100, FALSE),
(6, 42, TRUE),
(6, 85, TRUE),
(6, 100, TRUE),
(6, 91, TRUE),
(6, 65, TRUE),
(7, 78, TRUE),
(8, 85, FALSE),
(8, 58, TRUE),
(8, 51, TRUE),
(8, 2, FALSE),
(9, 67, TRUE),
(9, 98, FALSE),
(9, 7, FALSE),
(9, 59, FALSE),
(9, 75, TRUE),
(10, 35, FALSE),
(10, 59, TRUE),
(10, 14, FALSE),
(10, 77, FALSE),
(10, 40, TRUE),
(11, 15, TRUE),
(11, 73, TRUE),
(11, 27, TRUE),
(11, 75, FALSE),
(11, 88, FALSE),
(12, 96, FALSE),
(12, 32, FALSE),
(12, 37, TRUE),
(12, 67, FALSE),
(13, 43, FALSE),
(13, 2, TRUE),
(13, 99, FALSE),
(14, 59, TRUE),
(14, 34, TRUE),
(14, 45, FALSE),
(14, 36, FALSE),
(15, 89, TRUE),
(16, 43, FALSE),
(16, 47, FALSE),
(16, 8, TRUE),
(17, 66, FALSE),
(17, 40, TRUE),
(17, 42, FALSE),
(17, 35, TRUE),
(17, 99, FALSE),
(18, 38, FALSE),
(18, 90, TRUE),
(18, 34, TRUE),
(18, 63, FALSE),
(18, 1, TRUE),
(19, 58, TRUE),
(19, 50, FALSE),
(19, 84, TRUE),
(19, 78, TRUE),
(20, 61, FALSE),
(20, 14, TRUE),
(21, 2, FALSE),
(22, 43, FALSE),
(23, 30, TRUE),
(23, 7, FALSE),
(23, 96, TRUE),
(24, 68, TRUE),
(25, 32, TRUE),
(25, 4, TRUE),
(25, 95, FALSE),
(25, 69, FALSE),
(25, 41, FALSE),
(26, 5, FALSE),
(26, 48, FALSE),
(27, 1, TRUE),
(27, 8, TRUE),
(27, 100, FALSE),
(27, 89, TRUE),
(28, 21, FALSE),
(28, 12, FALSE),
(28, 19, TRUE),
(28, 72, FALSE),
(28, 25, FALSE),
(29, 77, FALSE),
(29, 2, FALSE),
(30, 9, FALSE),
(30, 54, FALSE),
(30, 25, TRUE),
(31, 18, TRUE),
(31, 66, TRUE),
(31, 15, FALSE),
(31, 42, FALSE),
(31, 76, FALSE),
(32, 55, TRUE),
(32, 48, FALSE),
(32, 13, TRUE),
(32, 42, FALSE),
(33, 48, FALSE),
(33, 35, TRUE),
(33, 86, FALSE),
(34, 60, TRUE),
(34, 78, TRUE),
(34, 56, FALSE),
(34, 86, TRUE),
(34, 77, TRUE),
(35, 50, FALSE),
(36, 1, FALSE),
(36, 92, FALSE),
(36, 79, FALSE),
(36, 30, FALSE),
(37, 23, TRUE),
(37, 22, FALSE),
(37, 42, TRUE),
(38, 33, FALSE),
(38, 3, FALSE),
(39, 74, TRUE),
(39, 4, FALSE),
(39, 64, TRUE),
(40, 57, FALSE),
(40, 95, TRUE),
(40, 30, FALSE),
(40, 1, TRUE),
(40, 29, TRUE),
(41, 88, TRUE),
(41, 62, TRUE),
(41, 80, FALSE),
(42, 19, FALSE),
(42, 38, FALSE),
(42, 64, TRUE),
(43, 99, FALSE),
(43, 59, TRUE),
(43, 5, FALSE),
(43, 96, FALSE),
(44, 21, TRUE),
(44, 98, FALSE),
(45, 75, TRUE),
(45, 77, TRUE),
(46, 38, FALSE),
(46, 25, TRUE),
(46, 8, FALSE),
(46, 37, FALSE),
(46, 75, FALSE),
(47, 72, TRUE),
(48, 63, TRUE),
(48, 42, FALSE),
(48, 87, FALSE),
(48, 77, TRUE),
(48, 31, FALSE),
(49, 6, TRUE),
(49, 2, FALSE),
(50, 68, TRUE),
(50, 77, TRUE),
(50, 53, TRUE),
(51, 6, TRUE),
(51, 11, FALSE),
(52, 28, TRUE),
(52, 45, FALSE),
(52, 12, TRUE),
(52, 14, TRUE),
(53, 27, FALSE),
(53, 2, FALSE),
(54, 47, TRUE),
(54, 82, FALSE),
(54, 43, TRUE),
(54, 33, TRUE),
(54, 66, TRUE),
(55, 13, FALSE),
(56, 31, FALSE),
(57, 62, TRUE),
(57, 20, TRUE),
(57, 42, TRUE),
(57, 29, TRUE),
(58, 62, TRUE),
(58, 71, TRUE),
(58, 31, TRUE),
(58, 55, FALSE),
(59, 59, FALSE),
(60, 63, TRUE),
(60, 25, TRUE),
(60, 59, FALSE),
(61, 22, FALSE),
(61, 17, TRUE),
(61, 94, TRUE),
(61, 78, FALSE),
(62, 40, FALSE),
(63, 76, FALSE),
(63, 42, TRUE),
(63, 4, FALSE),
(64, 81, TRUE),
(64, 71, FALSE),
(64, 3, FALSE),
(64, 97, FALSE),
(64, 7, FALSE),
(65, 54, FALSE),
(66, 8, FALSE),
(67, 90, TRUE),
(67, 97, TRUE),
(67, 2, TRUE),
(67, 81, FALSE),
(67, 68, FALSE),
(68, 21, TRUE),
(69, 27, FALSE),
(69, 7, TRUE),
(69, 68, TRUE),
(69, 69, TRUE),
(70, 32, TRUE),
(71, 87, TRUE),
(71, 63, TRUE),
(71, 54, FALSE),
(71, 33, TRUE),
(72, 40, FALSE),
(73, 97, TRUE),
(73, 54, TRUE),
(73, 43, FALSE),
(73, 100, TRUE),
(73, 83, FALSE),
(74, 56, FALSE),
(74, 35, TRUE),
(74, 38, TRUE),
(74, 49, FALSE),
(74, 42, FALSE),
(75, 70, FALSE),
(75, 21, FALSE),
(75, 42, TRUE),
(75, 29, FALSE),
(76, 76, FALSE),
(77, 83, FALSE),
(77, 16, FALSE),
(78, 5, TRUE),
(78, 79, TRUE),
(79, 94, FALSE),
(79, 49, TRUE),
(79, 6, TRUE),
(79, 35, TRUE),
(80, 94, FALSE),
(80, 44, TRUE),
(81, 83, FALSE),
(81, 10, TRUE),
(82, 2, TRUE),
(82, 93, FALSE),
(83, 61, TRUE),
(83, 80, TRUE),
(83, 100, TRUE),
(83, 85, TRUE),
(84, 41, TRUE),
(85, 49, FALSE),
(85, 8, FALSE),
(85, 56, TRUE),
(86, 68, FALSE),
(86, 13, FALSE),
(86, 69, FALSE),
(86, 29, TRUE),
(86, 82, TRUE),
(87, 92, TRUE),
(88, 47, TRUE),
(88, 34, TRUE),
(88, 57, TRUE),
(88, 24, FALSE),
(89, 78, TRUE),
(89, 69, TRUE),
(89, 75, TRUE),
(90, 60, FALSE),
(90, 94, FALSE),
(90, 80, FALSE),
(91, 70, TRUE),
(91, 15, TRUE),
(91, 95, FALSE),
(91, 13, FALSE),
(92, 82, TRUE),
(92, 47, TRUE),
(92, 34, FALSE),
(93, 10, FALSE),
(93, 97, TRUE),
(93, 13, FALSE),
(93, 94, TRUE),
(94, 56, TRUE),
(94, 36, TRUE),
(94, 37, FALSE),
(95, 87, FALSE),
(95, 86, TRUE),
(95, 6, TRUE),
(95, 29, TRUE),
(95, 57, FALSE),
(96, 66, FALSE),
(97, 17, FALSE),
(97, 5, TRUE),
(97, 25, FALSE),
(97, 80, FALSE),
(98, 72, TRUE),
(98, 90, FALSE),
(98, 3, FALSE),
(98, 23, TRUE),
(99, 46, FALSE),
(99, 73, TRUE),
(99, 20, TRUE),
(99, 93, FALSE),
(99, 12, FALSE),
(100, 93, TRUE),
(100, 98, FALSE),
(100, 31, TRUE),
(100, 74, TRUE),
(100, 77, FALSE);